Site,Card 1,Card 2,Card 3,Card 4,Card 5,Card 6,Card 7,Card 8,Card 9,Card 10,BHG1,BHG2,BHG3,BHG4,BHG5,BHG6,BHG7,BHG8,BHG9,BHG10,Rat1,Rat2,Rat3,Rat4,Rat5,Rat6,Rat7,Rat8,Rat9,Rat10,Height1,Height2,Height3,Height4,Height5,Height6,Height7,Height8,Height9,Height10,Orientation1,Orientation2,Orientation3,Orientation4,Orientation5,Orientation6,Orientation7,Orientation8,Orientation9,Orientation10,YCASC,CHM.S,DistRoad.S,Slope.S
1,0,0,0,0,0,NA,0,0,0,0,0,0,0,0,0,NA,0,0,0,0,0,0,1,1,1,NA,0,1,1,1,NA,NA,NA,NA,NA,NA,NA,NA,NA,NA,NA,NA,NA,NA,NA,NA,NA,NA,NA,NA,0,0.255471867,1.892914978,1.937080941
2,0,0,0,0,0,0,0,0,0,0,0,0,0,0,0,0,0,0,0,0,0,1,1,0,0,0,1,0,0,0,NA,NA,NA,NA,NA,NA,NA,NA,NA,NA,NA,NA,NA,NA,NA,NA,NA,NA,NA,NA,0,-1.07861916,1.693940976,-0.652514397
3,0,0,0,0,0,0,0,0,0,0,0,0,0,0,0,0,0,0,0,0,0,0,1,0,0,0,0,1,0,0,NA,NA,NA,NA,NA,NA,NA,NA,NA,NA,NA,NA,NA,NA,NA,NA,NA,NA,NA,NA,0,0.01227538,2.090659545,1.139705631
4,0,0,0,0,0,0,0,0,0,1,0,0,0,0,0,0,0,0,0,0,0,0,0,0,0,0,0,0,0,0,NA,NA,NA,NA,NA,NA,NA,NA,NA,NA,NA,NA,NA,NA,NA,NA,NA,NA,NA,NA,0,-1.164467781,2.192268665,1.067210734
5,0,0,0,0,0,0,NA,NA,NA,NA,0,0,0,0,0,0,NA,NA,NA,NA,0,0,0,0,0,0,NA,NA,NA,NA,NA,NA,NA,NA,NA,NA,NA,NA,NA,NA,Vertical,Horizontal,Vertical,Horizontal,Horizontal,Vertical,NA,NA,NA,NA,0,-0.741380412,1.949527059,2.247984913
6,0,0,0,0,0,0,0,0,NA,NA,0,0,0,0,0,0,0,0,NA,NA,0,0,0,0,0,1,1,0,NA,NA,NA,NA,NA,NA,NA,NA,NA,NA,NA,NA,Vertical,Vertical,Horizontal,Horizontal,Vertical,Horizontal,Horizontal,Vertical,NA,NA,0,-0.816427243,2.123205468,2.226141832
7,0,1,0,1,0,0,0,0,0,0,0,0,0,0,0,0,0,0,0,0,1,1,1,1,1,1,1,1,0,1,NA,NA,NA,NA,NA,NA,NA,NA,NA,NA,Horizontal,Horizontal,Vertical,Vertical,Vertical,Horizontal,Horizontal,Horizontal,Vertical,Vertical,0,-0.853384384,2.198923872,0.554714181
8,0,0,0,0,0,0,0,0,0,0,0,0,0,0,0,0,0,0,0,0,1,1,1,0,1,1,1,1,1,1,NA,NA,NA,NA,NA,NA,NA,NA,NA,NA,Vertical,Horizontal,Vertical,Vertical,Horizontal,Horizontal,Horizontal,Vertical,Vertical,Horizontal,NA,-0.983913502,1.829467702,-0.244258567
9,0,0,0,0,0,0,0,0,0,0,0,0,0,0,0,0,0,0,0,0,0,0,0,0,0,0,0,0,0,0,NA,NA,NA,NA,NA,NA,NA,NA,NA,NA,NA,NA,NA,NA,NA,NA,NA,NA,NA,NA,1,0.486195574,0.532956705,1.239500952
10,0,0,0,0,NA,0,0,0,0,0,0,0,0,0,NA,0,0,0,0,0,0,0,0,0,NA,0,0,0,0,0,NA,NA,NA,NA,NA,NA,NA,NA,NA,NA,NA,NA,NA,NA,NA,NA,NA,NA,NA,NA,0,-0.465901236,0.045022897,1.799207631
11,0,0,0,0,0,0,0,0,0,NA,0,0,0,0,0,0,0,0,0,NA,0,0,0,1,1,1,0,0,0,NA,NA,NA,NA,NA,NA,NA,NA,NA,NA,NA,NA,NA,NA,NA,NA,NA,NA,NA,NA,NA,1,-0.298689877,0.428030433,1.245959265
12,NA,0,0,0,0,0,0,0,NA,0,NA,0,0,0,0,0,0,0,NA,0,NA,0,0,0,0,0,0,0,NA,0,NA,NA,NA,NA,NA,NA,NA,NA,NA,NA,NA,NA,NA,NA,NA,NA,NA,NA,NA,NA,1,-0.52520033,0.343487674,-0.990492546
13,0,0,0,NA,0,0,0,0,0,0,0,0,0,NA,0,0,0,0,0,0,0,0,0,NA,0,0,0,0,1,0,NA,NA,NA,NA,NA,NA,NA,NA,NA,NA,NA,NA,NA,NA,NA,NA,NA,NA,NA,NA,1,0.6236915,0.330931904,-0.372218163
14,0,0,0,0,0,0,NA,0,0,0,0,0,0,0,0,0,NA,0,0,0,0,0,0,0,0,0,NA,0,0,1,NA,NA,NA,NA,NA,NA,NA,NA,NA,NA,NA,NA,NA,NA,NA,NA,NA,NA,NA,NA,0,-0.168667396,0.634028473,-0.852077615
15,NA,0,0,0,NA,0,0,0,0,0,NA,0,0,0,NA,0,0,0,0,0,NA,0,1,0,NA,0,0,0,0,0,NA,NA,NA,NA,NA,NA,NA,NA,NA,NA,NA,NA,NA,NA,NA,NA,NA,NA,NA,NA,0,-0.06726415,0.735131013,-0.913622177
16,0,0,0,NA,0,0,0,0,0,0,0,0,0,NA,0,0,0,0,0,0,0,0,0,NA,0,0,0,0,1,0,NA,NA,NA,NA,NA,NA,NA,NA,NA,NA,NA,NA,NA,NA,NA,NA,NA,NA,NA,NA,1,-0.377855679,0.630655146,-0.478459455
17,0,0,NA,0,0,0,NA,0,0,0,0,0,NA,0,0,0,NA,0,0,0,0,0,NA,0,0,1,NA,1,1,1,NA,NA,NA,NA,NA,NA,NA,NA,NA,NA,NA,NA,NA,NA,NA,NA,NA,NA,NA,NA,0,0.108422564,0.760216136,-0.529275814
18,0,0,0,0,0,0,0,0,0,0,0,0,0,0,0,0,0,0,0,0,0,0,0,0,0,0,0,0,0,0,NA,NA,NA,NA,NA,NA,NA,NA,NA,NA,NA,NA,NA,NA,NA,NA,NA,NA,NA,NA,0,-0.297761803,2.150343037,1.033630253
19,NA,0,0,0,0,0,0,0,0,NA,NA,0,0,0,0,0,0,0,0,NA,NA,0,0,1,1,1,0,0,0,NA,NA,NA,NA,NA,NA,NA,NA,NA,NA,NA,NA,NA,NA,NA,NA,NA,NA,NA,NA,NA,0,0.867251493,1.067637356,0.409436436
20,0,0,0,0,0,0,0,0,0,0,0,0,0,0,0,0,0,0,0,0,0,0,1,0,0,0,0,0,1,0,NA,NA,NA,NA,NA,NA,NA,NA,NA,NA,NA,NA,NA,NA,NA,NA,NA,NA,NA,NA,0,-0.983026321,1.473962066,2.580320609
21,0,0,0,0,0,0,0,0,0,0,0,0,0,0,0,0,0,0,0,0,0,0,0,0,0,0,0,0,0,0,NA,NA,NA,NA,NA,NA,NA,NA,NA,NA,NA,NA,NA,NA,NA,NA,NA,NA,NA,NA,0,0.52369343,0.880314684,0.268971574
22,0,0,0,0,0,0,0,0,0,0,0,0,0,0,0,0,0,0,0,0,0,0,0,0,0,0,1,0,1,0,NA,NA,NA,NA,NA,NA,NA,NA,NA,NA,NA,NA,NA,NA,NA,NA,NA,NA,NA,NA,0,0.23818264,1.649852588,-0.434324913
23,0,0,0,0,0,0,0,0,0,0,0,0,0,0,0,0,0,0,0,0,0,1,0,0,0,0,1,1,0,0,NA,NA,NA,NA,NA,NA,NA,NA,NA,NA,NA,NA,NA,NA,NA,NA,NA,NA,NA,NA,0,-0.152369857,1.332925381,-0.623882546
24,1,0,0,1,0,0,0,0,0,0,0,0,0,0,0,0,0,0,0,0,0,1,0,0,0,0,0,0,0,0,NA,NA,NA,NA,NA,NA,NA,NA,NA,NA,NA,NA,NA,NA,NA,NA,NA,NA,NA,NA,0,-0.885153622,2.198923872,0.485085074
25,0,0,0,0,0,1,0,0,0,0,0,0,0,0,0,0,0,0,0,0,1,0,1,0,0,1,1,0,1,1,NA,NA,NA,NA,NA,NA,NA,NA,NA,NA,NA,NA,NA,NA,NA,NA,NA,NA,NA,NA,0,-1.099767224,2.033268,-0.379950312
26,0,0,NA,0,0,0,0,1,0,0,0,0,NA,0,0,0,0,0,0,0,0,1,NA,0,0,0,0,0,0,0,NA,NA,NA,NA,NA,NA,NA,NA,NA,NA,NA,NA,NA,NA,NA,NA,NA,NA,NA,NA,0,-1.086508363,2.133411087,-0.73693729
27,0,0,0,0,0,0,0,NA,0,0,0,0,0,0,0,0,0,NA,0,0,0,1,0,0,0,0,0,NA,1,1,NA,NA,NA,NA,NA,NA,NA,NA,NA,NA,NA,NA,NA,NA,NA,NA,NA,NA,NA,NA,0,-0.919566226,2.150343037,-0.858985678
28,0,0,1,NA,NA,0,1,0,0,1,0,0,0,NA,NA,0,0,0,0,0,1,0,1,NA,NA,0,0,0,1,0,NA,NA,NA,NA,NA,NA,NA,NA,NA,NA,NA,NA,NA,NA,NA,NA,NA,NA,NA,NA,0,-0.745595939,2.192268665,1.36869462
29,0,0,0,0,0,0,0,0,0,0,0,0,0,0,0,0,0,1,0,0,0,0,0,0,1,0,1,0,0,0,NA,NA,NA,NA,NA,NA,NA,NA,NA,NA,NA,NA,NA,NA,NA,NA,NA,NA,NA,NA,1,-1.132210083,0.443525816,-1.049551137
30,0,0,0,0,NA,0,0,0,0,0,0,0,0,0,NA,0,0,0,0,0,0,1,0,0,NA,0,0,1,0,0,NA,NA,NA,NA,NA,NA,NA,NA,NA,NA,NA,NA,NA,NA,NA,NA,NA,NA,NA,NA,0,0.432328614,0.859893286,-0.566683291
31,0,0,0,NA,0,0,0,0,0,0,0,0,0,NA,0,0,0,0,0,0,0,0,0,NA,0,0,0,0,0,0,NA,NA,NA,NA,NA,NA,NA,NA,NA,NA,NA,NA,NA,NA,NA,NA,NA,NA,NA,NA,1,1.301788146,0.326717859,1.218521722
32,0,0,0,0,NA,0,0,0,0,0,0,0,0,0,NA,0,0,0,0,0,0,0,0,0,NA,0,0,0,0,0,NA,NA,NA,NA,NA,NA,NA,NA,NA,NA,NA,NA,NA,NA,NA,NA,NA,NA,NA,NA,0,0.681079919,-0.053587968,1.870989509
33,0,0,0,0,0,0,0,0,0,0,0,0,0,0,0,0,0,0,0,0,0,0,0,0,0,0,0,1,0,0,NA,NA,NA,NA,NA,NA,NA,NA,NA,NA,NA,NA,NA,NA,NA,NA,NA,NA,NA,NA,0,-0.198708847,0.045022897,-0.292848111
34,0,0,0,0,0,0,0,0,0,0,0,0,0,0,0,0,0,0,0,0,0,0,0,0,0,0,0,0,0,0,NA,NA,NA,NA,NA,NA,NA,NA,NA,NA,NA,NA,NA,NA,NA,NA,NA,NA,NA,NA,0,0.008220022,0.660750908,1.91645822
35,0,0,0,0,0,0,0,0,0,0,0,0,0,0,0,0,0,0,0,0,0,0,0,0,1,1,1,0,0,0,NA,NA,NA,NA,NA,NA,NA,NA,NA,NA,NA,NA,NA,NA,NA,NA,NA,NA,NA,NA,0,0.770331859,1.699895101,1.822613871
36,0,0,0,1,0,1,0,1,0,0,0,0,0,0,0,0,0,0,0,0,0,0,0,0,0,0,0,0,0,0,NA,NA,NA,NA,NA,NA,NA,NA,NA,NA,NA,NA,NA,NA,NA,NA,NA,NA,NA,NA,0,-1.077574082,2.266327984,-0.470399591
37,0,0,0,0,0,0,0,0,1,0,0,0,0,0,0,0,0,0,0,0,0,0,0,0,0,0,0,0,0,0,NA,NA,NA,NA,NA,NA,NA,NA,NA,NA,NA,NA,NA,NA,NA,NA,NA,NA,NA,NA,0,0.230003768,1.752875485,2.836418055
38,0,0,0,0,0,0,0,0,0,0,0,0,0,0,0,0,0,0,0,0,0,1,0,0,0,0,0,0,0,0,NA,NA,NA,NA,NA,NA,NA,NA,NA,NA,NA,NA,NA,NA,NA,NA,NA,NA,NA,NA,0,-0.957521872,2.064710769,-0.77529226
39,1,0,0,0,0,0,0,0,1,0,0,0,0,0,0,0,0,0,0,0,0,0,0,0,0,0,0,0,0,0,NA,NA,NA,NA,NA,NA,NA,NA,NA,NA,NA,NA,NA,NA,NA,NA,NA,NA,NA,NA,0,-0.676018729,1.978309197,-0.604141502
40,0,0,0,0,0,0,0,0,0,0,0,0,0,0,0,0,0,0,0,0,1,1,0,0,0,0,0,0,0,0,NA,NA,NA,NA,NA,NA,NA,NA,NA,NA,NA,NA,NA,NA,NA,NA,NA,NA,NA,NA,0,-1.096276436,1.87626172,-0.873900129
41,0,0,0,0,0,0,0,0,1,0,0,0,0,0,0,0,0,0,0,0,0,0,0,0,0,0,0,0,0,1,NA,NA,NA,NA,NA,NA,NA,NA,NA,NA,NA,NA,NA,NA,NA,NA,NA,NA,NA,NA,0,-0.868403974,2.150343037,-0.0745695
42,0,0,0,0,0,0,0,0,0,0,0,0,0,0,0,0,0,0,0,0,0,0,0,0,0,0,0,1,1,1,NA,NA,NA,NA,NA,NA,NA,NA,NA,NA,NA,NA,NA,NA,NA,NA,NA,NA,NA,NA,0,-0.446879679,2.033268,0.193748005
43,0,0,0,0,0,0,0,0,0,NA,0,0,0,0,0,0,0,0,0,NA,0,0,0,0,0,0,0,0,0,NA,NA,NA,NA,NA,NA,NA,NA,NA,NA,NA,NA,NA,NA,NA,NA,NA,NA,NA,NA,NA,0,0.297683934,1.613203225,2.362877053
44,0,0,0,0,0,0,0,0,0,0,0,0,0,0,0,0,0,0,0,0,0,0,0,0,0,0,0,0,0,0,NA,NA,NA,NA,NA,NA,NA,NA,NA,NA,NA,NA,NA,NA,NA,NA,NA,NA,NA,NA,0,0.215872495,0.045022897,0.333253033
45,0,0,0,0,0,0,0,0,0,0,0,0,0,0,0,0,0,0,0,0,1,1,1,0,1,1,1,0,0,1,NA,NA,NA,NA,NA,NA,NA,NA,NA,NA,NA,NA,NA,NA,NA,NA,NA,NA,NA,NA,0,-0.627095443,-0.053587968,1.149797601
46,0,0,0,0,0,0,0,0,0,0,0,0,0,0,0,0,0,0,0,0,0,0,0,0,0,0,0,0,0,0,NA,NA,NA,NA,NA,NA,NA,NA,NA,NA,NA,NA,NA,NA,NA,NA,NA,NA,NA,NA,0,0.227743219,1.240941273,0.659390944
47,0,0,0,NA,0,0,0,0,0,0,0,0,0,NA,0,0,0,0,0,0,0,0,0,NA,0,0,0,0,0,0,NA,NA,NA,NA,NA,NA,NA,NA,NA,NA,NA,NA,NA,NA,NA,NA,NA,NA,NA,NA,0,1.082049119,1.003641406,-0.799680272
48,0,0,0,0,0,0,0,NA,0,0,0,0,0,0,0,0,0,NA,0,0,0,0,0,0,0,0,0,NA,0,0,NA,NA,NA,NA,NA,NA,NA,NA,NA,NA,NA,NA,NA,NA,NA,NA,NA,NA,NA,NA,0,0.521614634,1.51273645,-0.308601731
49,0,0,0,0,0,0,0,0,0,0,0,0,0,0,0,0,0,0,0,0,0,0,0,0,0,1,0,0,0,0,NA,NA,NA,NA,NA,NA,NA,NA,NA,NA,NA,NA,NA,NA,NA,NA,NA,NA,NA,NA,0,0.739104472,1.149842591,2.129609947
50,0,0,0,0,0,0,0,0,0,0,0,0,0,0,0,0,0,0,0,0,1,0,1,1,1,1,0,0,1,0,NA,NA,NA,NA,NA,NA,NA,NA,NA,NA,NA,NA,NA,NA,NA,NA,NA,NA,NA,NA,0,0.995886974,1.838890953,0.406433526
51,0,0,0,0,0,0,0,0,0,0,0,0,0,0,0,0,0,0,0,0,0,0,0,0,0,0,0,0,0,0,NA,NA,NA,NA,NA,NA,NA,NA,NA,NA,NA,NA,NA,NA,NA,NA,NA,NA,NA,NA,0,0.77355797,0.644104906,0.618981929
52,0,0,0,0,0,0,0,0,0,0,0,0,0,0,0,0,0,0,0,0,0,0,0,0,0,0,0,0,0,0,NA,NA,NA,NA,NA,NA,NA,NA,NA,NA,NA,NA,NA,NA,NA,NA,NA,NA,NA,NA,0,-0.944550408,1.559295322,-0.497043214
53,0,0,0,0,0,0,0,0,0,0,0,0,0,0,0,0,0,0,0,0,0,0,0,0,0,0,0,0,0,0,NA,NA,NA,NA,NA,NA,NA,NA,NA,NA,NA,NA,NA,NA,NA,NA,NA,NA,NA,NA,0,-1.23496625,1.425687502,-0.775613118
54,0,NA,0,0,0,0,NA,0,0,0,0,NA,0,0,0,0,NA,0,0,0,0,NA,0,0,0,0,NA,0,0,0,NA,NA,NA,NA,NA,NA,NA,NA,NA,NA,NA,NA,NA,NA,NA,NA,NA,NA,NA,NA,0,-1.278414008,2.013885888,-0.718204071
55,0,0,0,0,0,0,0,1,0,0,0,0,0,0,0,0,0,0,0,0,1,0,0,0,0,0,0,0,0,0,NA,NA,NA,NA,NA,NA,NA,NA,NA,NA,NA,NA,NA,NA,NA,NA,NA,NA,NA,NA,0,-0.624109019,2.212190741,-0.627181633
56,0,0,0,0,0,0,0,0,0,0,0,0,0,0,0,0,0,0,0,0,0,0,0,0,0,0,0,0,0,0,NA,NA,NA,NA,NA,NA,NA,NA,NA,NA,NA,NA,NA,NA,NA,NA,NA,NA,NA,NA,0,-0.307978577,0.561542308,1.916156558
57,0,0,0,0,0,0,0,0,0,0,0,0,0,0,0,0,0,0,0,0,0,0,0,0,0,0,0,0,0,0,NA,NA,NA,NA,NA,NA,NA,NA,NA,NA,NA,NA,NA,NA,NA,NA,NA,NA,NA,NA,1,-0.234773129,0.431921371,-0.85285371
58,0,0,0,NA,0,0,0,0,0,0,0,0,0,NA,0,0,0,0,0,0,0,0,0,NA,0,0,0,0,0,0,NA,NA,NA,NA,NA,NA,NA,NA,NA,NA,NA,NA,NA,NA,NA,NA,NA,NA,NA,NA,0,-0.55497824,0.973576127,1.978011009
59,0,0,0,0,0,0,0,0,0,0,0,0,0,0,0,0,0,0,0,0,0,0,0,0,0,0,0,0,0,0,NA,NA,NA,NA,NA,NA,NA,NA,NA,NA,NA,NA,NA,NA,NA,NA,NA,NA,NA,NA,1,-0.377855679,0.532956705,-0.478459455
60,0,0,0,0,0,0,0,0,0,0,0,0,0,0,0,0,0,0,0,0,1,0,0,0,0,0,0,0,0,0,NA,NA,NA,NA,NA,NA,NA,NA,NA,NA,NA,NA,NA,NA,NA,NA,NA,NA,NA,NA,0,-0.520734893,1.033237845,-0.415691791
61,0,0,0,0,0,0,0,0,0,0,0,0,0,0,0,0,0,0,0,0,0,0,0,0,0,0,0,0,0,0,NA,NA,NA,NA,NA,NA,NA,NA,NA,NA,NA,NA,NA,NA,NA,NA,NA,NA,NA,NA,0,0.675422866,0.072102551,-0.438193044
62,0,0,NA,0,0,0,0,0,0,0,0,0,NA,0,0,0,0,0,0,0,0,0,NA,0,0,0,0,0,0,0,NA,NA,NA,NA,NA,NA,NA,NA,NA,NA,NA,NA,NA,NA,NA,NA,NA,NA,NA,NA,0,0.450526605,1.106593179,1.287492657
63,0,0,0,0,0,0,0,0,0,0,0,0,0,0,0,0,0,0,0,0,0,0,0,0,0,0,0,0,0,0,NA,NA,NA,NA,NA,NA,NA,NA,NA,NA,NA,NA,NA,NA,NA,NA,NA,NA,NA,NA,0,0.617068886,1.162389507,-0.422050006
64,0,0,0,0,0,0,0,0,0,0,0,0,0,0,0,0,0,0,0,0,0,0,0,0,0,0,0,1,0,0,NA,NA,NA,NA,NA,NA,NA,NA,NA,NA,NA,NA,NA,NA,NA,NA,NA,NA,NA,NA,1,0.034619604,0.129145877,1.241516604
65,0,0,0,0,0,0,0,0,0,0,0,0,0,0,0,0,0,0,0,0,0,0,0,0,0,0,0,0,0,0,NA,NA,NA,NA,NA,NA,NA,NA,NA,NA,NA,NA,NA,NA,NA,NA,NA,NA,NA,NA,0,0.659121919,1.162389507,-0.812382991
66,0,0,0,0,0,0,0,0,0,0,0,0,0,0,0,0,0,0,0,0,0,0,1,0,0,0,0,0,0,0,NA,NA,NA,NA,NA,NA,NA,NA,NA,NA,NA,NA,NA,NA,NA,NA,NA,NA,NA,NA,0,0.631007047,0.266108009,-0.748141296
67,0,0,0,0,0,0,0,0,NA,NA,0,0,0,0,0,0,0,0,NA,NA,0,0,0,0,0,0,0,0,NA,NA,NA,NA,NA,NA,NA,NA,NA,NA,NA,NA,NA,NA,NA,NA,NA,NA,NA,NA,NA,NA,0,-0.200252609,-0.787720199,-0.713598238
68,0,0,0,0,0,0,NA,NA,0,NA,0,0,0,0,0,0,NA,NA,0,NA,0,0,0,0,0,0,NA,NA,0,NA,NA,NA,NA,NA,NA,NA,NA,NA,NA,NA,NA,NA,NA,NA,NA,NA,NA,NA,NA,NA,0,-0.349641978,-0.787720199,-0.735649741
69,0,0,0,0,0,0,0,0,NA,NA,1,0,1,1,0,0,0,0,NA,NA,0,0,0,0,0,0,0,0,NA,NA,NA,NA,NA,NA,NA,NA,NA,NA,NA,NA,NA,NA,NA,NA,NA,NA,NA,NA,NA,NA,0,-0.440558092,-0.787720199,-0.984804844
70,0,0,0,0,0,0,0,0,0,0,0,1,0,1,0,0,0,0,0,0,0,0,0,0,0,1,0,0,1,0,C,B,A,A,C,A,A,A,C,NA,Horizontal,Vertical,Horizontal,Horizontal,Horizontal,Horizontal,Horizontal,Horizontal,Horizontal,Horizontal,0,-0.854394248,-0.889032744,-0.380194384
71,0,0,0,0,0,0,0,0,0,0,0,0,0,0,0,0,1,0,0,0,0,0,1,0,0,0,0,0,1,0,A,B,A,B,C,C,C,B,C,B,Horizontal,Horizontal,Horizontal,Horizontal,Horizontal,Horizontal,Horizontal,Horizontal,Horizontal,Horizontal,0,-0.62223015,-0.745755162,-0.81324547
72,0,0,0,0,0,0,0,0,0,0,0,0,1,1,0,1,0,0,0,0,0,0,1,0,0,0,0,0,0,0,A,A,B,C,A,C,A,C,A,C,Horizontal,Horizontal,Horizontal,Horizontal,Horizontal,Horizontal,Horizontal,Horizontal,Horizontal,Horizontal,0,-0.248041077,-0.787720199,-0.830773412
73,0,0,0,0,0,0,0,0,0,0,0,0,0,0,1,1,0,0,0,0,0,0,0,0,0,0,0,0,0,0,C,B,B,C,A,B,B,B,C,A,Horizontal,Horizontal,Horizontal,Horizontal,Horizontal,Horizontal,Horizontal,Horizontal,Horizontal,Horizontal,0,-0.882645435,-0.889032744,-0.605936391
74,0,0,0,0,0,0,0,0,0,0,0,0,0,0,0,0,0,0,0,0,0,0,0,0,0,0,0,0,0,0,A,C,B,A,A,A,A,A,B,B,Horizontal,Vertical,Horizontal,Horizontal,Horizontal,Horizontal,Horizontal,Horizontal,Horizontal,Horizontal,NA,-1.170845029,-0.787720199,-0.717103004
75,0,0,0,0,0,0,0,0,0,0,0,0,1,0,0,0,0,0,0,0,0,0,0,0,0,0,0,0,0,0,A,C,A,B,A,B,A,A,A,A,Horizontal,Horizontal,Horizontal,Horizontal,Horizontal,Horizontal,Horizontal,Horizontal,Horizontal,Horizontal,1,-0.508870985,-0.745755162,-0.765517035
76,0,0,0,0,0,0,0,0,0,0,0,0,0,0,0,0,0,1,0,0,0,0,0,0,0,0,0,0,0,0,C,A,B,A,C,A,C,B,A,A,Vertical,Horizontal,Vertical,Horizontal,Horizontal,Horizontal,Horizontal,Horizontal,Horizontal,Horizontal,0,-0.797944128,-0.889032744,0.002435247
77,0,0,0,0,0,0,0,0,0,0,0,0,0,0,0,0,0,0,0,0,0,0,0,0,0,1,1,1,1,0,C,C,C,C,A,A,C,A,C,C,Horizontal,Horizontal,Horizontal,Horizontal,Horizontal,Horizontal,Horizontal,Horizontal,Horizontal,Horizontal,1,-1.298548119,-0.787720199,-0.465054687
78,0,0,0,0,0,0,0,0,0,0,0,0,1,0,0,0,0,0,0,0,0,0,0,0,0,0,0,0,0,0,A,C,A,A,A,C,A,A,A,A,Horizontal,Horizontal,Horizontal,Horizontal,Horizontal,Horizontal,Vertical,Horizontal,Horizontal,Horizontal,0,1.241048662,-0.787720199,0.227054248
79,0,0,0,0,0,0,0,0,0,0,0,1,0,0,1,1,0,0,0,1,0,0,0,1,0,0,0,0,0,0,C,A,C,A,A,A,A,C,C,C,Horizontal,Horizontal,Horizontal,Horizontal,Horizontal,Horizontal,Horizontal,Horizontal,Horizontal,Horizontal,0,-1.297578128,-0.787720199,-0.800404262
80,0,0,0,0,0,0,0,0,0,0,0,0,0,1,0,1,0,0,0,0,0,0,0,0,0,0,0,0,0,1,A,C,A,A,A,A,A,C,A,B,Horizontal,Horizontal,Vertical,Horizontal,Horizontal,Horizontal,Horizontal,Horizontal,Horizontal,Horizontal,1,-0.364126533,-0.889032744,-0.149263788
81,0,0,0,0,0,0,0,0,0,0,0,0,0,0,0,0,0,0,0,0,0,0,0,0,0,0,0,0,0,0,C,A,A,A,A,A,A,B,C,A,Vertical,Horizontal,Horizontal,Horizontal,Horizontal,Horizontal,Horizontal,Horizontal,Horizontal,Horizontal,0,-0.021496546,-0.745755162,2.151836962
82,0,0,0,0,0,0,0,0,0,0,0,0,0,0,0,0,0,0,0,0,0,0,0,0,0,0,0,0,0,0,A,A,A,B,A,A,A,A,A,A,Horizontal,Horizontal,Horizontal,Horizontal,Horizontal,Horizontal,Horizontal,Horizontal,Horizontal,Horizontal,0,1.228837152,-0.686407595,-0.039885209
83,0,0,0,0,0,0,0,0,0,0,0,0,0,0,0,0,0,0,0,0,0,0,0,1,0,0,0,0,0,0,A,A,A,A,A,B,A,A,A,B,Horizontal,Horizontal,Horizontal,Horizontal,Horizontal,Horizontal,Horizontal,Horizontal,Horizontal,Horizontal,0,0.860765193,-0.787720199,0.32900234
84,0,0,0,0,0,0,0,0,0,0,0,0,0,0,0,0,0,0,0,0,1,0,0,0,0,0,0,0,1,0,B,B,A,C,B,C,C,B,A,C,Horizontal,Horizontal,Horizontal,Vertical,Horizontal,Horizontal,Horizontal,Horizontal,Horizontal,Horizontal,0,0.852461366,-0.889032744,0.147050706
85,0,0,0,0,0,0,0,0,0,0,0,0,0,0,0,1,0,0,0,0,0,0,0,0,1,0,0,0,0,1,B,A,C,C,A,C,A,C,B,B,Horizontal,Horizontal,Vertical,Horizontal,Horizontal,Horizontal,Horizontal,Horizontal,Horizontal,Horizontal,0,-0.230523523,-0.889032744,0.412727296
86,NA,0,0,0,0,0,0,0,1,0,NA,0,0,0,0,0,0,0,0,0,NA,0,0,0,1,0,0,0,0,0,NA,C,B,C,C,A,B,C,C,A,NA,Vertical,Vertical,Horizontal,Horizontal,Horizontal,Horizontal,Horizontal,Vertical,Horizontal,0,0.459784633,-0.889032744,0.522395196
87,0,0,0,0,0,0,0,0,0,0,0,0,0,0,0,0,0,0,0,0,1,0,0,0,0,0,0,1,0,0,C,C,B,C,B,B,A,C,B,C,Horizontal,Horizontal,Horizontal,Horizontal,Horizontal,Horizontal,Horizontal,Horizontal,Horizontal,Vertical,0,0.964125688,-0.889032744,0.718626418
88,0,0,0,0,0,0,0,0,0,0,0,0,0,0,0,0,0,0,0,0,0,0,0,0,0,0,0,0,0,0,C,A,C,C,B,B,A,A,B,A,Vertical,Horizontal,Vertical,Vertical,Vertical,Horizontal,Vertical,Horizontal,Horizontal,Horizontal,1,-1.024227389,-0.483782591,0.886720791
89,0,0,0,1,0,0,0,0,1,0,0,0,0,0,0,0,0,0,0,0,1,0,0,0,0,0,0,0,1,0,C,C,C,C,A,C,A,C,A,A,Horizontal,Horizontal,Horizontal,Horizontal,Horizontal,Horizontal,Horizontal,Horizontal,Horizontal,Horizontal,0,0.088123058,-0.787720199,-0.425257223
90,0,0,0,0,0,0,0,0,0,0,0,0,0,0,0,0,0,0,0,0,0,0,0,0,1,0,0,0,0,0,B,A,A,A,A,A,A,B,C,C,Vertical,Horizontal,Horizontal,Horizontal,Horizontal,Horizontal,Horizontal,Horizontal,Horizontal,Horizontal,0,0.764015953,-0.889032744,0.09975968
91,0,0,0,0,0,0,0,0,0,0,0,0,0,0,0,0,0,0,0,0,0,0,1,0,0,0,0,0,0,0,B,A,NA,A,C,A,B,C,A,C,Horizontal,Horizontal,NA,Horizontal,Vertical,Horizontal,Horizontal,Horizontal,Horizontal,Vertical,0,-0.058869447,-0.889032744,-0.469609785
92,0,0,0,0,0,0,0,0,0,0,0,0,0,0,0,0,0,0,0,0,0,0,0,0,0,0,0,0,0,0,B,A,A,A,C,A,A,B,C,A,Vertical,Horizontal,Horizontal,Horizontal,Vertical,Horizontal,Vertical,Horizontal,Horizontal,Horizontal,0,0.50774463,-0.889032744,0.310792916
93,0,0,NA,0,0,NA,0,0,0,0,0,0,NA,0,0,NA,0,0,0,0,0,0,NA,0,0,NA,0,0,0,0,A,A,NA,B,B,NA,C,C,C,C,Horizontal,Horizontal,NA,Horizontal,Horizontal,NA,Vertical,Horizontal,Horizontal,Horizontal,0,-1.12610092,-0.382470017,3.038065484
94,0,0,0,0,0,0,0,0,0,0,0,0,0,0,0,0,0,0,0,0,0,0,1,0,0,0,0,0,0,0,B,C,B,A,B,A,C,A,A,A,Horizontal,Horizontal,Horizontal,Horizontal,Horizontal,Horizontal,Horizontal,Horizontal,Horizontal,Horizontal,0,0.89250376,-0.889032744,-0.371533938
95,0,0,0,0,0,0,0,0,0,0,0,0,0,0,0,0,0,0,0,0,0,0,0,0,0,0,0,0,0,0,A,A,B,A,A,B,C,A,A,B,Horizontal,Horizontal,Horizontal,Horizontal,Horizontal,Horizontal,Horizontal,Horizontal,Horizontal,Horizontal,0,0.707070556,-0.686407595,0.10974744
96,0,0,0,0,0,0,0,0,NA,0,0,0,0,0,0,0,0,0,NA,0,0,0,0,0,0,0,0,0,NA,0,A,A,A,A,A,B,A,A,B,C,Horizontal,Horizontal,Horizontal,Horizontal,Horizontal,Horizontal,Horizontal,Horizontal,Horizontal,Horizontal,0,1.176571888,-0.523745187,-0.954442549
97,0,0,0,0,0,0,0,0,0,0,0,0,0,0,0,0,0,0,0,0,0,0,0,0,0,0,0,0,0,0,A,A,A,A,A,A,B,B,C,A,Horizontal,Horizontal,Horizontal,Horizontal,Horizontal,Horizontal,Horizontal,Horizontal,Horizontal,Horizontal,0,0.118339446,-0.602477522,-0.864485528
98,0,0,0,0,0,0,0,0,0,0,0,0,0,0,0,0,0,0,0,0,0,0,1,0,1,0,0,0,0,0,A,A,C,A,A,B,A,A,A,A,Horizontal,Horizontal,Horizontal,Horizontal,Horizontal,Horizontal,Horizontal,Horizontal,Horizontal,Horizontal,0,1.134166708,-0.602477522,-0.989694513
99,0,0,0,0,0,0,0,0,0,0,0,0,0,0,0,0,0,0,0,0,1,0,0,0,0,0,0,0,1,0,B,A,C,A,A,A,A,A,A,A,Horizontal,Horizontal,Horizontal,Horizontal,Horizontal,Horizontal,Horizontal,Horizontal,Horizontal,Horizontal,0,1.709959297,-0.343448004,0.014929544
100,0,0,0,0,0,0,0,0,0,0,0,0,0,0,0,0,0,0,0,0,0,0,0,1,0,0,0,0,0,1,A,B,A,C,A,A,A,A,A,C,Horizontal,Horizontal,Horizontal,Horizontal,Horizontal,Horizontal,Horizontal,Horizontal,Horizontal,Horizontal,0,0.622532827,-0.382470017,-0.725666095
101,0,0,0,1,0,0,0,0,0,0,0,0,0,0,0,0,0,0,0,0,0,1,0,1,0,0,0,0,0,1,A,A,A,B,A,A,A,A,A,A,Horizontal,Horizontal,Horizontal,Horizontal,Horizontal,Horizontal,Horizontal,Horizontal,Horizontal,Horizontal,0,1.444259553,-0.787720199,-1.128188973
102,0,0,0,0,0,0,0,0,0,0,0,0,0,0,0,0,0,1,0,0,0,1,0,0,0,0,0,0,0,0,C,C,C,C,C,A,A,C,A,C,Horizontal,Horizontal,Horizontal,Horizontal,Horizontal,Horizontal,Vertical,Horizontal,Horizontal,Horizontal,0,-1.287502553,-0.523745187,-1.055115433
103,0,0,0,0,0,0,0,0,0,0,0,0,0,0,0,0,0,0,0,0,0,0,0,0,0,0,0,0,0,0,A,B,B,B,A,A,B,B,A,C,Horizontal,Horizontal,Horizontal,Horizontal,Horizontal,Horizontal,Horizontal,Horizontal,Horizontal,Horizontal,0,0.095109178,-0.179844868,0.85636261
104,0,0,0,0,0,0,0,0,0,0,0,0,0,0,0,0,0,0,0,0,1,0,0,0,0,0,0,0,0,0,A,A,C,A,A,A,C,A,C,A,Horizontal,Horizontal,Horizontal,Horizontal,Horizontal,Horizontal,Horizontal,Vertical,Horizontal,Horizontal,0,-0.608218152,-0.787720199,-0.804900399
105,1,0,0,0,0,0,0,0,0,0,0,0,0,0,0,0,0,0,0,0,1,0,0,0,0,0,0,0,0,0,A,A,A,B,A,A,A,A,A,B,Horizontal,Horizontal,Horizontal,Horizontal,Horizontal,Horizontal,Horizontal,Horizontal,Horizontal,Horizontal,0,0.581025051,-0.686407595,-0.941691839
106,0,0,1,1,0,0,0,0,0,1,0,0,0,0,0,0,0,0,0,0,0,1,0,0,0,0,0,1,1,0,A,A,B,A,A,C,A,A,C,B,Horizontal,Horizontal,Horizontal,Horizontal,Horizontal,Vertical,Horizontal,Horizontal,Horizontal,Horizontal,0,-1.162883125,-0.889032744,-1.145566632
107,0,0,0,0,0,0,0,0,0,0,0,0,0,0,0,0,0,0,0,0,0,0,0,0,0,0,0,0,0,0,A,A,A,A,A,A,A,B,B,C,Horizontal,Horizontal,Horizontal,Horizontal,Horizontal,Horizontal,Horizontal,Vertical,Horizontal,Horizontal,0,-1.298581971,-0.787720199,-1.138021513
108,0,0,0,0,0,0,1,0,0,0,0,0,0,0,0,0,0,0,0,0,0,0,0,0,0,0,0,0,0,0,B,A,A,C,C,A,B,A,A,A,Vertical,Horizontal,Horizontal,Horizontal,Horizontal,Horizontal,Horizontal,Horizontal,Horizontal,Horizontal,0,0.690871846,-0.568654264,0.203785127
109,0,0,0,0,0,0,0,0,0,0,0,0,0,0,0,0,0,0,0,0,0,0,0,0,0,0,0,0,0,0,A,A,A,A,NA,C,A,A,A,A,Horizontal,Horizontal,Horizontal,Horizontal,Horizontal,Horizontal,Horizontal,Horizontal,Horizontal,Horizontal,0,-1.298581971,-0.787720199,-0.619960938
110,0,0,0,0,0,0,0,0,0,0,0,0,0,0,0,0,0,0,0,0,0,0,0,0,0,0,1,0,0,0,A,A,A,C,A,A,C,A,A,B,Horizontal,Horizontal,Horizontal,Horizontal,Horizontal,Horizontal,Horizontal,Horizontal,Horizontal,Horizontal,0,-0.149700364,-0.523745187,-1.02152124
111,0,0,0,0,0,0,0,0,0,0,0,0,0,0,0,0,0,0,0,0,0,0,0,0,0,1,0,0,0,0,B,A,A,A,A,A,C,B,B,B,Horizontal,Horizontal,Horizontal,Horizontal,Horizontal,Horizontal,Horizontal,Horizontal,Horizontal,Horizontal,0,0.391934074,-0.483782591,-1.030656118
112,0,0,0,0,0,0,0,0,0,NA,0,0,0,0,0,0,0,0,NA,0,0,0,0,0,0,0,1,0,0,NA,C,B,A,B,C,B,A,A,A,A,Vertical,Horizontal,Horizontal,Horizontal,Horizontal,Horizontal,Horizontal,Horizontal,Horizontal,Horizontal,0,-0.336059371,-0.745755162,1.991873756
113,0,0,0,0,0,0,0,0,0,0,0,0,0,0,0,0,0,0,0,0,0,0,0,0,1,0,0,1,0,1,A,A,A,A,A,B,A,A,B,A,Horizontal,Horizontal,Horizontal,Horizontal,Horizontal,Horizontal,Horizontal,Horizontal,Horizontal,Horizontal,0,0.020045308,-0.483782591,0.607532479
114,0,0,0,0,0,0,0,0,0,0,0,0,0,0,0,0,0,0,0,0,1,1,1,0,0,0,1,0,1,0,A,A,C,C,A,A,C,A,A,A,Horizontal,Horizontal,Horizontal,Vertical,Horizontal,Horizontal,Horizontal,Horizontal,Horizontal,Horizontal,0,-0.259664163,-0.686407595,-0.153663942
115,0,0,0,0,0,0,0,0,0,0,0,0,0,0,0,0,0,0,0,0,1,0,0,1,0,1,1,1,0,0,A,A,A,A,C,A,C,A,A,C,Horizontal,Horizontal,Horizontal,Horizontal,Horizontal,Horizontal,Horizontal,Horizontal,Horizontal,Horizontal,0,-0.148927915,-0.343448004,1.198817699
116,0,0,0,0,0,0,0,0,0,0,0,0,0,0,0,0,0,0,0,0,0,1,0,0,0,0,0,0,0,0,A,C,A,A,B,A,A,A,A,C,Horizontal,Horizontal,Horizontal,Horizontal,Horizontal,Horizontal,Horizontal,Vertical,Horizontal,Horizontal,0,0.499940623,-0.602477522,-0.034456662
117,0,0,0,0,0,0,0,0,0,0,0,0,0,0,0,0,0,0,0,0,0,0,0,0,0,0,0,0,0,0,A,A,A,A,A,A,A,B,C,A,Horizontal,Horizontal,Horizontal,Horizontal,Horizontal,Horizontal,Horizontal,Horizontal,Horizontal,Horizontal,0,0.054737357,0.522087888,1.65989457
118,0,0,0,0,0,0,0,0,0,0,0,0,0,0,0,0,0,0,0,0,0,0,1,0,0,0,0,0,0,0,A,C,C,B,C,A,A,B,A,A,Vertical,Horizontal,Horizontal,Vertical,Horizontal,Vertical,Horizontal,Horizontal,Horizontal,Horizontal,0,0.217655943,0.022780135,0.629937749
119,0,0,0,0,0,0,0,0,0,0,0,0,0,0,0,0,0,0,0,0,0,1,1,0,1,1,1,0,1,0,B,A,C,A,A,B,A,B,A,A,Horizontal,Horizontal,Horizontal,Horizontal,Horizontal,Horizontal,Horizontal,Horizontal,Horizontal,Horizontal,NA,0.36412591,-0.787720199,-0.217070581
120,0,0,0,0,0,0,0,0,0,0,0,0,0,0,0,0,0,0,0,0,0,0,0,1,1,1,0,0,0,0,A,A,B,A,A,A,A,A,B,A,Horizontal,Horizontal,Horizontal,Horizontal,Horizontal,Horizontal,Horizontal,NA,NA,Horizontal,0,0.669345509,0.979078829,-1.039987076
121,0,0,0,0,0,0,0,0,0,0,0,0,0,0,0,0,0,0,0,0,1,0,0,1,0,0,0,0,1,1,B,A,C,A,C,A,B,A,C,A,Horizontal,Horizontal,Vertical,Horizontal,Vertical,Horizontal,Horizontal,Horizontal,Vertical,Horizontal,0,-0.741760957,0.836258228,-0.553641888
122,0,0,0,0,0,0,0,0,0,0,0,0,0,0,0,0,0,0,0,0,0,0,0,0,0,0,0,0,0,0,A,C,B,A,C,C,C,A,B,A,Horizontal,Vertical,Horizontal,Horizontal,Horizontal,Horizontal,Vertical,Horizontal,Horizontal,Horizontal,0,-0.297761803,2.090659545,1.033630253
123,0,0,0,0,0,0,0,0,0,0,0,0,0,0,0,0,0,0,0,0,0,0,0,0,0,0,0,0,0,0,A,A,A,C,A,A,A,A,C,A,Horizontal,Horizontal,Horizontal,Vertical,Horizontal,Vertical,Horizontal,Horizontal,Vertical,Horizontal,0,0.227743219,1.149842591,0.659390944
124,0,0,0,0,0,0,0,0,0,0,0,0,0,0,0,0,0,0,0,0,0,0,0,0,0,0,1,0,0,0,B,C,A,C,A,A,C,C,C,C,Horizontal,Horizontal,Horizontal,Vertical,Horizontal,Horizontal,Horizontal,Horizontal,Vertical,Horizontal,0,0.016932793,-0.745755162,2.06420411
125,0,0,0,0,0,0,0,0,0,0,0,0,0,0,0,0,0,0,0,0,1,0,0,1,1,1,1,0,1,1,A,A,A,C,A,C,A,C,B,B,Horizontal,Horizontal,Horizontal,Horizontal,Horizontal,Horizontal,Horizontal,Vertical,Horizontal,Horizontal,0,0.42545609,-0.602477522,-0.054503482
126,0,0,0,0,0,0,0,0,0,0,0,0,0,0,0,0,0,0,0,0,0,0,1,0,0,0,0,0,1,0,C,A,C,A,B,A,A,C,C,A,Horizontal,Horizontal,Horizontal,Horizontal,Vertical,Horizontal,Horizontal,Horizontal,Horizontal,Horizontal,0,0.380358699,-0.686407595,-0.379024758
127,0,0,0,0,0,0,0,0,0,0,0,0,0,0,0,0,0,0,0,0,0,0,0,0,1,0,0,0,0,0,B,B,C,B,C,B,C,C,A,A,Horizontal,Horizontal,Horizontal,Horizontal,Horizontal,Horizontal,Vertical,Vertical,Horizontal,Vertical,0,0.217655943,0.022780135,0.629937749
128,0,0,0,0,0,0,0,0,0,0,0,0,0,0,0,0,0,0,0,0,0,0,0,0,0,0,0,0,0,0,A,C,A,C,A,A,C,A,B,B,Horizontal,Vertical,Horizontal,Vertical,Horizontal,Horizontal,Vertical,Horizontal,Vertical,Horizontal,0,1.131292744,-0.889032744,-0.853755954
129,0,0,0,0,0,0,0,0,0,0,0,0,0,0,0,0,0,0,0,0,0,0,1,0,1,1,1,0,0,0,A,A,A,A,A,A,A,A,NA,NA,Vertical,Horizontal,Horizontal,Horizontal,Horizontal,Horizontal,Horizontal,Horizontal,NA,NA,0,-0.982015322,-0.298284186,-0.029311951
130,0,0,0,0,0,0,0,0,0,0,0,0,0,0,0,0,0,0,0,0,0,1,1,0,0,1,1,0,0,0,A,A,A,B,B,A,A,A,A,B,Horizontal,Horizontal,Horizontal,Horizontal,Horizontal,Horizontal,Horizontal,Horizontal,Horizontal,Horizontal,0,-1.298581971,-0.787720199,0.131011878
131,0,0,0,0,NA,0,0,0,0,0,0,0,0,0,NA,0,0,0,0,0,0,0,0,0,NA,0,0,0,0,0,A,A,A,A,A,A,A,A,A,C,Vertical,Horizontal,Horizontal,Horizontal,Horizontal,Vertical,Horizontal,Horizontal,Horizontal,Horizontal,0,2.170009488,0.343487674,-0.508362401
132,0,0,0,0,0,0,0,0,0,0,0,0,0,0,0,0,0,0,0,0,0,1,0,0,1,0,0,0,0,0,A,A,A,A,A,B,A,A,A,B,Horizontal,Vertical,Horizontal,Horizontal,Horizontal,Horizontal,Horizontal,Horizontal,Horizontal,Horizontal,1,2.285308864,-0.889032744,-0.685081568
133,0,0,0,0,0,0,0,0,0,0,0,0,0,0,0,0,0,0,0,0,0,0,0,0,0,0,1,0,0,0,B,B,C,A,A,A,C,B,C,C,Horizontal,Vertical,Horizontal,Horizontal,Horizontal,Horizontal,Horizontal,Horizontal,Vertical,Vertical,0,-1.297833149,-0.889032744,-0.49057119
134,0,0,0,0,0,0,0,0,0,0,0,0,0,0,0,0,0,0,0,0,0,0,0,1,0,1,0,0,1,0,A,A,A,A,A,A,A,C,A,C,Horizontal,Horizontal,Horizontal,Horizontal,Horizontal,Horizontal,Horizontal,Horizontal,Horizontal,Vertical,0,1.099894963,-0.686407595,-0.796093235
135,0,0,0,0,0,0,0,0,0,0,0,0,0,0,0,0,0,0,0,0,0,0,0,1,0,0,0,1,1,0,C,B,B,A,C,A,A,A,B,C,Horizontal,Horizontal,Horizontal,Horizontal,Horizontal,Horizontal,Horizontal,Horizontal,Horizontal,Vertical,0,1.595966269,0.830298298,-0.842591712
136,0,0,0,0,0,0,0,0,0,0,0,0,0,0,0,0,0,0,0,0,0,0,0,1,0,0,0,0,0,0,A,A,A,A,A,B,B,C,A,A,Horizontal,Horizontal,Horizontal,Horizontal,Horizontal,Horizontal,Vertical,Horizontal,Horizontal,Vertical,0,2.407174057,-0.281157443,-1.163679524
137,0,0,0,0,0,0,0,0,0,0,0,0,0,0,0,0,0,0,0,0,0,0,0,0,0,0,0,0,0,0,A,B,A,C,B,A,A,A,C,B,Horizontal,Horizontal,Horizontal,Horizontal,Horizontal,Horizontal,Horizontal,Horizontal,Horizontal,Horizontal,0,-0.361647881,0.108780218,0.458552517
138,0,0,0,0,0,0,0,1,0,0,0,0,0,0,0,0,0,0,0,0,0,0,0,0,0,0,1,0,0,0,B,C,A,A,A,A,A,B,A,B,Horizontal,Horizontal,Horizontal,Horizontal,Horizontal,Horizontal,Horizontal,Horizontal,Horizontal,Horizontal,0,1.173800159,0.129145877,1.308444464
139,0,0,0,0,0,0,0,0,0,0,0,0,0,0,0,0,0,0,0,0,0,0,0,0,0,0,0,0,0,0,B,A,A,C,A,C,B,C,B,A,Horizontal,Horizontal,Horizontal,Horizontal,Horizontal,Horizontal,Horizontal,Horizontal,Horizontal,Horizontal,0,-0.411569671,-0.248275929,-0.088077108
140,0,0,0,0,0,0,0,0,0,0,0,0,0,0,0,0,0,0,0,0,0,1,0,0,0,0,0,0,0,0,A,A,C,A,A,A,A,A,A,A,Horizontal,Horizontal,Vertical,Horizontal,Horizontal,Horizontal,Horizontal,Horizontal,Horizontal,Horizontal,1,1.821305552,-0.889032744,0.615649933
141,1,0,0,0,0,0,1,0,0,0,1,0,0,0,0,0,1,0,0,0,1,0,0,1,1,0,0,0,1,0,A,A,C,C,C,A,A,B,B,C,Horizontal,Horizontal,Horizontal,Horizontal,Horizontal,Horizontal,Horizontal,Horizontal,Horizontal,Horizontal,0,-1.291467147,-0.889032744,1.481406566
142,0,0,0,0,0,0,0,0,0,0,0,0,0,0,0,0,0,0,0,0,0,0,0,0,0,0,0,0,0,0,A,A,A,C,A,C,A,C,A,C,Horizontal,Horizontal,Vertical,Horizontal,Horizontal,Horizontal,Horizontal,Horizontal,Horizontal,Horizontal,0,-1.298581971,-0.889032744,-0.245260908
143,0,0,0,0,0,0,0,0,0,0,0,0,0,0,0,0,0,0,0,0,0,0,1,0,1,0,0,0,0,0,A,A,A,B,B,A,B,A,A,A,Horizontal,Horizontal,Horizontal,Horizontal,Horizontal,Horizontal,Vertical,Horizontal,Horizontal,Horizontal,0,-0.718495474,-0.787720199,0.183395509
144,0,0,0,0,0,0,0,0,0,0,0,0,0,0,0,0,0,0,0,0,0,0,0,1,0,0,0,0,0,1,A,A,C,C,B,B,A,A,C,C,Horizontal,Horizontal,Horizontal,Horizontal,Horizontal,Horizontal,Horizontal,Horizontal,Horizontal,Horizontal,0,-0.429883528,-0.686407595,0.76938793
145,0,0,1,1,0,0,0,0,0,1,0,0,0,0,0,0,0,0,0,0,0,1,0,0,0,0,0,1,1,0,C,C,C,A,B,A,A,B,C,C,Horizontal,Horizontal,Horizontal,Horizontal,Horizontal,Horizontal,Horizontal,Horizontal,Horizontal,Horizontal,0,-1.251314906,-0.523745187,0.506050593
146,0,0,0,0,0,0,0,0,0,0,0,0,0,0,0,0,0,0,0,0,0,0,0,0,0,0,1,0,0,0,C,B,A,C,C,A,C,A,A,C,Horizontal,Horizontal,Horizontal,Horizontal,Horizontal,Horizontal,Horizontal,Horizontal,Horizontal,Vertical,0,-0.987232761,-0.483782591,-0.196970284
147,0,NA,0,0,0,0,0,0,0,0,0,NA,0,0,0,0,0,0,0,0,0,NA,0,1,0,0,0,0,0,0,A,A,C,C,A,A,A,C,C,A,Horizontal,Horizontal,Horizontal,Horizontal,Horizontal,Horizontal,Horizontal,Horizontal,Vertical,Horizontal,0,-0.532332988,-0.889032744,-0.840750202
148,0,0,0,0,0,0,0,0,0,0,0,0,0,0,0,0,0,0,0,0,0,0,0,0,0,0,0,0,0,0,A,A,C,A,A,A,B,A,A,C,Horizontal,Horizontal,Horizontal,Horizontal,Horizontal,Horizontal,Vertical,Horizontal,Horizontal,Horizontal,0,0.469951426,-0.745755162,0.126784495
149,0,0,0,0,0,0,0,0,0,0,0,0,0,0,0,0,0,1,0,0,0,0,0,0,0,1,1,0,0,0,A,A,A,A,B,A,A,B,C,A,Horizontal,Vertical,Horizontal,Horizontal,Horizontal,Horizontal,Horizontal,Horizontal,Horizontal,Horizontal,0,0.248326713,-0.602477522,0.951057098
150,0,0,0,0,0,0,0,0,0,0,0,0,0,0,0,0,0,1,0,0,0,0,1,1,0,0,0,1,0,0,A,A,A,A,C,C,A,A,A,A,Horizontal,NA,Horizontal,Horizontal,Horizontal,Horizontal,Horizontal,Horizontal,Horizontal,Horizontal,0,1.21665972,-0.889032744,0.478105709
151,0,0,0,0,0,0,0,0,0,0,0,0,0,0,0,0,0,0,0,0,0,0,0,0,0,0,0,0,0,0,B,A,B,B,C,B,A,A,A,A,Horizontal,Horizontal,Horizontal,Horizontal,Horizontal,Vertical,Horizontal,Horizontal,Horizontal,Horizontal,0,-0.941551489,-0.523745187,0.684716851
152,0,0,0,0,0,NA,0,0,0,1,0,0,0,0,0,NA,0,0,0,0,0,0,0,0,1,NA,0,0,0,1,A,A,A,B,C,A,A,A,C,B,Horizontal,Horizontal,Horizontal,Horizontal,Horizontal,Horizontal,Horizontal,Horizontal,Vertical,Horizontal,0,-0.111691329,-0.117459377,0.476227176
153,0,0,0,0,0,0,0,0,0,0,0,0,0,0,0,0,0,0,0,0,0,0,0,0,0,0,0,1,0,0,A,A,C,A,A,A,A,A,B,A,Horizontal,Horizontal,Vertical,Horizontal,Horizontal,Horizontal,Horizontal,Horizontal,Horizontal,Horizontal,0,-0.88068137,-0.889032744,1.446482317
154,0,0,0,NA,0,0,0,0,0,0,0,0,0,NA,0,0,0,0,0,0,1,1,0,NA,0,0,1,1,0,0,A,A,C,A,A,C,A,A,B,A,Horizontal,Horizontal,Horizontal,Horizontal,Horizontal,Horizontal,Horizontal,Horizontal,Horizontal,Horizontal,0,2.688356861,-0.889032744,-0.913528936
155,0,0,0,0,0,0,0,0,0,0,0,0,0,0,0,0,0,0,0,0,0,0,0,0,0,0,0,0,0,0,A,A,A,A,A,B,A,B,A,A,Horizontal,Horizontal,Horizontal,Horizontal,Horizontal,Vertical,Horizontal,Horizontal,Horizontal,Horizontal,0,2.764090943,-0.523745187,-0.845820868
156,0,0,0,0,0,0,0,0,0,0,0,1,0,0,0,0,0,0,0,0,0,0,0,0,0,0,0,0,0,0,A,A,B,A,A,A,C,A,A,C,Horizontal,Horizontal,Horizontal,Horizontal,Horizontal,Horizontal,Horizontal,Horizontal,Horizontal,Vertical,0,0.791676443,0.187934363,0.118170669
157,0,0,0,0,0,0,0,0,0,0,0,0,1,0,0,0,0,0,1,0,1,1,1,0,1,0,1,1,1,1,B,A,A,A,A,A,C,C,A,C,Horizontal,Horizontal,Horizontal,Horizontal,Horizontal,Horizontal,Horizontal,Horizontal,Horizontal,Horizontal,0,-0.914987194,-0.787720199,-0.625538946
158,0,0,0,0,0,0,0,0,0,0,0,0,0,0,0,0,0,0,0,0,0,1,0,1,0,1,1,0,0,1,A,A,A,A,B,A,A,A,A,A,Horizontal,Horizontal,Horizontal,Horizontal,Horizontal,Horizontal,Horizontal,Horizontal,Horizontal,Horizontal,1,-0.853220807,-0.372438145,-0.452520625
159,0,0,0,0,0,0,0,0,0,0,0,0,0,0,0,0,0,0,0,0,0,0,0,0,1,0,0,0,0,0,A,A,B,A,A,C,A,B,A,A,Horizontal,Horizontal,Horizontal,Horizontal,Horizontal,Horizontal,Horizontal,Horizontal,Horizontal,Horizontal,0,0.72916487,-0.568654264,-0.834784147
160,0,0,0,0,0,0,0,0,0,0,0,0,0,0,0,0,0,0,0,0,1,1,1,1,0,0,0,1,0,0,A,A,C,C,A,A,C,B,B,A,Horizontal,Horizontal,Horizontal,Horizontal,Horizontal,Horizontal,Horizontal,Horizontal,Horizontal,Horizontal,0,-0.824394827,-0.078532294,0.070606777
161,0,0,0,0,0,0,0,0,0,0,0,0,0,0,0,0,0,0,0,0,0,0,0,0,1,0,0,0,1,0,A,A,B,B,A,C,A,A,C,A,Horizontal,Horizontal,Vertical,Horizontal,Horizontal,Horizontal,Horizontal,Horizontal,Horizontal,Horizontal,1,0.293276431,-0.889032744,-0.825872773
162,0,0,0,0,0,0,0,0,0,0,0,0,0,0,0,0,0,0,0,0,1,1,1,0,0,1,1,0,1,0,A,C,C,C,B,A,A,B,A,B,Horizontal,Horizontal,Horizontal,Horizontal,Horizontal,Horizontal,Horizontal,Vertical,Horizontal,Horizontal,0,1.003759138,0.243675969,-0.702567002
163,0,0,0,0,0,0,0,0,NA,0,0,0,0,0,0,0,0,0,NA,0,0,0,0,0,0,0,0,0,NA,0,A,A,B,A,A,A,A,B,A,NA,Horizontal,Horizontal,Horizontal,Horizontal,Horizontal,Horizontal,Horizontal,Horizontal,Horizontal,NA,0,1.04809544,-0.889032744,-0.127197202
164,0,0,0,0,0,0,0,0,0,0,0,1,1,0,0,0,0,0,0,0,1,1,1,0,0,1,1,0,0,0,A,A,B,C,A,A,A,C,B,B,Horizontal,Horizontal,Vertical,Horizontal,Horizontal,Horizontal,Horizontal,Vertical,Horizontal,Horizontal,0,-0.270029747,-0.889032744,-0.55045661
165,0,0,0,0,0,0,0,0,0,0,0,0,0,0,1,0,0,0,0,0,0,1,0,0,0,0,0,1,1,0,A,C,A,A,B,C,A,C,C,B,Horizontal,Horizontal,Horizontal,Horizontal,Horizontal,Vertical,Horizontal,Horizontal,Horizontal,Horizontal,0,-0.972427866,-0.889032744,-1.026106504
166,0,0,0,0,0,0,0,0,0,0,0,0,0,0,0,0,0,0,0,0,0,0,0,0,1,0,0,0,0,0,A,A,C,A,A,C,B,C,A,A,Horizontal,Horizontal,Vertical,Horizontal,Horizontal,Horizontal,Vertical,Vertical,Horizontal,Horizontal,0,-0.753722557,-0.889032744,-0.648661349
167,0,0,0,1,0,0,0,0,0,0,0,0,0,0,0,0,0,0,0,0,0,1,0,1,0,0,0,0,0,1,C,C,B,B,A,A,A,A,A,A,Horizontal,Horizontal,Horizontal,Horizontal,Horizontal,Horizontal,Horizontal,Horizontal,Horizontal,Horizontal,0,0.497964062,-0.686407595,1.173382096
168,0,0,0,0,0,0,0,NA,0,0,0,0,0,0,0,0,0,NA,0,0,0,0,0,0,1,0,1,NA,0,0,A,A,A,A,A,A,A,C,A,A,Horizontal,Horizontal,Horizontal,Horizontal,Horizontal,Horizontal,Horizontal,Horizontal,NA,Horizontal,0,0.097153896,-0.568654264,0.201563797
169,0,0,0,0,0,0,0,0,0,0,0,0,0,0,0,0,0,0,0,0,0,0,0,0,0,1,0,0,0,1,A,A,B,C,A,A,C,B,B,B,Horizontal,Horizontal,Horizontal,Vertical,Horizontal,Horizontal,Horizontal,Horizontal,Horizontal,Horizontal,0,-0.837937676,0.833281166,-1.017307568
170,0,0,0,0,0,0,0,0,0,0,0,0,0,0,0,0,0,0,0,0,0,0,0,0,1,0,0,1,1,1,A,A,A,C,A,C,C,A,A,A,Horizontal,Horizontal,Horizontal,Horizontal,Horizontal,Vertical,Horizontal,Horizontal,Horizontal,Horizontal,0,0.418151903,-0.889032744,-0.710344401
171,0,0,0,0,0,0,1,1,0,0,0,0,0,0,0,0,0,0,0,0,0,0,0,0,0,0,0,0,0,0,A,A,B,A,A,A,C,A,A,A,Horizontal,Horizontal,Horizontal,Horizontal,Horizontal,Horizontal,Horizontal,Horizontal,Horizontal,Horizontal,0,0.463408328,-0.787720199,-0.641110197
172,0,0,0,0,0,0,0,0,0,0,0,0,0,0,0,0,0,0,0,0,1,1,1,0,1,0,0,0,0,1,A,A,A,A,A,B,A,A,B,A,Horizontal,Horizontal,Horizontal,Horizontal,Horizontal,Horizontal,Horizontal,Horizontal,Horizontal,Horizontal,0,-0.155448294,-0.889032744,-0.794247612
173,0,0,0,0,1,0,0,0,0,0,0,0,0,0,0,0,0,0,0,0,0,0,0,0,1,0,1,0,0,0,B,A,B,A,A,B,A,B,B,B,Horizontal,Horizontal,Horizontal,Horizontal,Horizontal,Horizontal,Horizontal,Horizontal,Horizontal,Horizontal,0,-0.144520412,-0.585095021,0.686184026
174,0,0,0,0,0,0,0,0,0,0,0,0,0,0,0,0,0,0,0,0,0,0,0,0,0,0,0,0,0,0,B,C,B,C,A,B,A,B,B,A,Horizontal,Horizontal,Horizontal,Vertical,Horizontal,Horizontal,Horizontal,Horizontal,Horizontal,Horizontal,NA,-1.13282009,1.785695744,-0.626331494
175,0,0,1,0,0,0,0,0,0,0,0,0,0,0,0,0,0,0,0,0,1,0,0,0,0,0,0,0,0,1,A,A,B,B,B,A,A,C,B,B,Horizontal,Horizontal,Horizontal,Horizontal,Horizontal,Horizontal,Horizontal,Horizontal,Horizontal,Horizontal,0,-0.468235622,1.667980588,1.914264314
176,0,0,0,0,0,0,0,0,0,0,0,0,0,0,0,0,0,0,0,0,0,1,0,0,0,0,0,0,0,0,A,A,A,A,A,A,A,A,C,A,Horizontal,Horizontal,Horizontal,Horizontal,Horizontal,Horizontal,Horizontal,Horizontal,Horizontal,Horizontal,0,1.244127099,-0.471310428,1.332508875
177,0,0,0,0,0,0,0,0,0,0,0,0,0,0,0,0,0,0,0,0,0,0,0,0,1,0,0,0,0,0,C,A,B,C,C,A,C,C,A,A,Horizontal,Horizontal,Horizontal,Horizontal,Horizontal,Horizontal,Horizontal,Horizontal,Horizontal,Horizontal,0,-0.837937676,0.833281166,-1.017307568
178,0,0,0,0,0,0,0,0,0,0,0,0,0,0,0,0,0,0,0,0,0,0,0,0,0,0,1,0,0,0,A,A,A,B,A,A,A,A,B,B,Horizontal,Horizontal,Horizontal,Horizontal,Horizontal,Horizontal,Horizontal,Horizontal,Horizontal,Horizontal,0,2.452157853,-0.662490943,-0.982051491
179,0,0,0,0,0,0,0,0,0,1,0,0,0,0,0,0,0,0,0,0,0,0,0,0,0,1,1,0,0,0,A,A,B,A,A,A,B,B,A,B,Horizontal,Horizontal,Horizontal,Horizontal,Horizontal,Horizontal,Horizontal,Horizontal,Horizontal,Horizontal,0,1.555469493,-0.382470017,-0.706162266
180,0,0,0,0,0,0,0,0,0,0,0,0,0,0,0,0,0,0,0,0,0,1,0,0,0,0,1,0,0,0,A,A,B,A,A,C,C,A,A,A,Horizontal,Horizontal,Vertical,Horizontal,Horizontal,Horizontal,Vertical,Horizontal,Vertical,Horizontal,0,1.954598447,-0.382470017,-0.955333824
181,0,0,0,0,0,0,0,0,0,0,0,0,0,0,0,0,0,0,0,0,0,0,0,0,0,0,0,0,0,0,A,A,A,A,A,C,B,A,C,A,Horizontal,Horizontal,Horizontal,Horizontal,Horizontal,Horizontal,Horizontal,Horizontal,Vertical,Horizontal,0,1.60267976,-0.07222487,-0.834060158
182,0,0,0,0,0,0,0,0,0,0,1,0,0,0,0,0,0,0,0,0,0,0,0,0,0,0,0,0,0,0,A,C,A,A,B,B,C,A,A,A,Horizontal,Horizontal,Horizontal,Horizontal,Horizontal,Horizontal,Horizontal,Horizontal,Horizontal,Horizontal,0,-0.038910727,0.934592724,1.266074645
183,0,0,0,0,0,0,0,0,0,0,0,0,0,0,0,0,0,0,0,0,0,0,0,1,1,0,0,1,0,0,B,B,C,A,A,B,A,A,A,A,Horizontal,Horizontal,Horizontal,Horizontal,Horizontal,Vertical,Horizontal,Horizontal,Horizontal,Horizontal,0,0.236478709,-0.382470017,0.820094593
184,0,0,0,0,0,0,0,0,0,0,0,0,0,0,0,0,0,0,0,0,0,1,0,0,0,0,0,0,0,0,A,A,A,A,A,C,A,A,C,C,Horizontal,Horizontal,Horizontal,Horizontal,Horizontal,Horizontal,Horizontal,Horizontal,Horizontal,Horizontal,0,-0.668000027,-0.787720199,-0.823879061
185,0,0,0,0,0,0,0,0,0,0,0,0,0,0,0,0,0,0,0,0,0,1,0,1,0,1,1,0,0,0,A,A,B,A,A,A,A,A,A,B,Horizontal,Horizontal,Horizontal,Horizontal,Horizontal,Horizontal,Horizontal,Horizontal,Horizontal,Horizontal,0,-1.270226389,-0.686407595,-0.153969717
186,0,0,0,0,0,0,0,0,0,0,0,0,0,0,0,0,0,0,0,0,0,0,0,0,1,0,0,0,0,0,C,A,B,A,A,C,A,A,B,C,Horizontal,Horizontal,Horizontal,Horizontal,Horizontal,Horizontal,Horizontal,Horizontal,Horizontal,Horizontal,0,-0.297434648,-0.602477522,0.375225207
187,0,0,0,0,0,0,0,0,0,0,0,0,0,0,0,0,0,0,0,0,0,1,0,0,0,0,0,0,0,0,A,A,A,A,A,C,A,A,A,A,Horizontal,Horizontal,Horizontal,Horizontal,Horizontal,Vertical,Horizontal,Horizontal,Horizontal,Horizontal,1,1.880068475,0.225405284,-0.823090626
188,0,0,0,0,0,0,0,0,0,0,0,0,0,0,0,0,0,0,0,0,0,0,0,0,0,1,0,0,0,0,B,C,A,A,B,A,A,C,B,A,Horizontal,Horizontal,Horizontal,Horizontal,Horizontal,Horizontal,Horizontal,Horizontal,Horizontal,Horizontal,1,1.06704316,-0.483782591,1.080401597
189,0,0,0,0,0,0,0,0,0,0,0,0,0,0,0,0,0,0,0,0,0,0,0,0,0,0,0,0,0,0,A,C,A,C,A,A,C,C,C,A,Horizontal,Horizontal,Horizontal,Horizontal,Horizontal,Horizontal,Horizontal,Horizontal,Horizontal,Horizontal,0,0.269137399,-0.585095021,0.657142189
190,0,0,0,0,0,0,0,0,0,0,0,0,0,0,0,0,0,0,0,0,0,0,0,0,1,1,1,1,1,0,A,B,B,B,A,B,B,B,C,A,Horizontal,Vertical,Horizontal,Vertical,Horizontal,Horizontal,Horizontal,Horizontal,Horizontal,Horizontal,0,-0.203881984,-0.787720199,-0.74956185
191,0,0,0,0,0,0,0,0,0,0,0,0,0,0,0,0,0,0,0,0,0,1,0,0,0,0,0,0,0,0,B,A,A,B,A,A,A,A,A,A,Horizontal,Horizontal,Horizontal,Horizontal,Horizontal,Horizontal,Horizontal,Horizontal,Horizontal,Horizontal,1,-0.570121648,0.906230075,0.278638474
192,0,0,0,0,0,0,0,0,0,0,0,0,0,0,0,0,0,0,0,0,0,0,0,0,0,0,0,0,0,0,A,B,A,B,A,A,B,B,A,A,Horizontal,Vertical,Horizontal,Horizontal,Horizontal,Horizontal,Vertical,Horizontal,Horizontal,Horizontal,0,1.316373801,-0.585095021,0.448254869
193,0,0,0,0,0,0,0,0,0,NA,0,0,0,0,0,0,0,0,0,NA,0,1,0,0,0,0,0,0,0,NA,A,A,B,B,A,A,B,B,C,NA,Horizontal,Horizontal,Horizontal,Horizontal,Horizontal,Horizontal,Horizontal,Horizontal,Horizontal,NA,0,0.215690742,-0.483782591,1.653299138
194,0,0,0,0,0,0,0,0,0,0,0,0,0,0,0,0,0,0,0,0,1,1,0,0,1,1,0,0,1,0,B,A,A,A,A,A,C,A,A,C,Horizontal,Horizontal,Horizontal,Horizontal,Horizontal,Horizontal,Horizontal,Horizontal,Horizontal,Horizontal,0,-0.334112345,-0.787720199,0.661571138
195,0,0,0,0,0,0,0,0,NA,0,0,0,0,0,0,0,0,0,NA,0,0,0,0,0,0,1,0,0,NA,0,A,A,B,A,B,A,C,A,C,A,Horizontal,Horizontal,Horizontal,Horizontal,Horizontal,Horizontal,Horizontal,Horizontal,Horizontal,Horizontal,0,-0.105716208,-0.686407595,-0.349593502
196,0,0,0,0,0,0,0,0,0,0,0,0,0,0,0,0,0,0,0,0,0,0,0,0,0,0,0,0,0,0,A,A,A,B,B,C,B,C,C,C,Horizontal,Horizontal,Horizontal,Horizontal,Horizontal,Horizontal,Horizontal,Horizontal,Horizontal,Horizontal,0,0.964125688,-0.889032744,0.718626418
197,0,0,0,0,0,0,0,0,0,0,0,0,0,0,0,0,0,0,0,0,1,1,1,0,1,0,0,1,0,1,A,A,A,C,A,C,A,A,A,A,Horizontal,Horizontal,Horizontal,Vertical,Horizontal,Vertical,Horizontal,Horizontal,Horizontal,Horizontal,0,1.959426253,-0.787720199,-0.437794028
198,0,0,0,0,0,0,0,0,0,0,0,0,0,0,0,0,0,0,0,0,1,0,0,0,0,0,0,0,1,0,A,B,A,A,A,A,A,A,A,A,Horizontal,Horizontal,Horizontal,Horizontal,Horizontal,Horizontal,Horizontal,Horizontal,Horizontal,Horizontal,0,-0.164941465,-0.523745187,0.889257495
199,0,0,0,0,0,0,0,0,0,0,0,0,0,0,0,0,0,0,0,0,0,0,0,0,0,0,0,0,0,0,A,A,C,A,C,A,A,B,A,C,Horizontal,Horizontal,Horizontal,Horizontal,Horizontal,Horizontal,Horizontal,Horizontal,Horizontal,Horizontal,0,-0.180748271,-0.889032744,-0.434534705
200,0,0,0,0,0,0,0,0,0,0,0,0,0,0,0,0,0,0,0,0,0,0,0,0,1,1,0,0,1,1,A,C,C,C,A,B,A,B,B,B,Horizontal,Horizontal,Horizontal,Horizontal,Horizontal,Horizontal,Horizontal,Horizontal,Horizontal,Horizontal,1,1.173970552,-0.281157443,-0.717573323
201,0,0,0,0,0,0,0,0,0,0,0,0,0,0,0,0,0,0,0,0,1,0,0,0,0,0,0,0,0,0,A,C,A,B,A,A,C,A,A,A,Horizontal,Horizontal,Horizontal,Horizontal,Horizontal,Horizontal,Horizontal,Horizontal,Horizontal,Horizontal,0,0.159222447,0.12409271,-0.228083992
202,0,0,0,0,0,0,0,0,0,0,0,0,0,0,0,0,0,0,0,0,1,0,1,1,0,1,0,1,1,1,C,C,B,A,C,C,A,C,C,A,Horizontal,Horizontal,Horizontal,Horizontal,Horizontal,Horizontal,Horizontal,Horizontal,Horizontal,Horizontal,0,-0.097480539,-0.889032744,-0.868823978
203,0,0,0,0,0,0,0,0,0,0,0,0,0,0,0,0,0,0,0,0,1,1,0,1,0,1,1,0,0,1,B,A,B,A,B,A,A,A,A,B,Horizontal,Horizontal,Horizontal,Horizontal,Horizontal,Horizontal,Horizontal,Horizontal,Horizontal,Horizontal,0,-1.11416999,-0.787720199,-0.661322932
204,0,0,0,0,0,0,0,0,0,0,0,0,0,0,0,0,0,0,0,0,1,0,0,0,0,0,0,0,0,0,A,A,C,B,A,A,A,A,A,A,Horizontal,Horizontal,Horizontal,Horizontal,Horizontal,Horizontal,Horizontal,Horizontal,Horizontal,Horizontal,0,2.211903488,-0.602477522,-0.741466335
205,1,0,0,0,0,0,0,0,0,0,0,0,0,0,0,0,0,0,0,0,1,0,0,0,0,0,0,0,0,0,B,B,A,A,A,A,A,C,A,C,Horizontal,Horizontal,Horizontal,Horizontal,Horizontal,Horizontal,Horizontal,Horizontal,Horizontal,Horizontal,0,2.208745534,-0.459199983,-0.599113342
206,0,0,0,0,0,0,0,0,0,0,0,0,0,0,0,0,0,0,0,0,0,0,0,0,0,1,0,0,0,0,A,C,A,A,B,A,A,A,A,A,Horizontal,Vertical,Horizontal,Horizontal,Horizontal,Horizontal,Horizontal,Horizontal,Horizontal,Horizontal,1,2.185776536,-0.745755162,-1.060257401
207,0,0,0,0,0,0,0,0,0,0,0,0,0,0,0,0,0,0,0,0,0,0,0,0,0,0,0,0,0,0,A,A,A,A,A,A,B,C,A,C,Horizontal,Horizontal,NA,Horizontal,Vertical,Horizontal,Horizontal,Horizontal,Horizontal,Horizontal,0,1.180911234,-0.745755162,-1.023631504
208,0,0,0,0,0,0,1,0,0,0,0,0,0,0,0,0,0,0,0,0,0,0,0,0,0,0,0,0,1,0,A,C,A,A,B,A,A,A,A,A,Horizontal,Horizontal,Horizontal,Horizontal,Horizontal,Horizontal,Horizontal,Horizontal,Horizontal,Horizontal,0,1.732224005,-0.382470017,-1.101068038
209,0,0,0,0,0,0,0,0,0,0,0,0,0,0,0,0,0,0,0,0,0,0,0,0,0,1,1,1,0,0,A,A,B,A,C,C,A,B,A,A,Horizontal,Horizontal,Horizontal,Horizontal,Horizontal,Horizontal,Horizontal,Horizontal,Horizontal,Horizontal,0,1.357824779,-0.787720199,-0.876343592
210,0,0,0,0,0,0,0,0,0,0,0,0,0,0,0,0,0,0,0,0,0,0,0,0,0,0,0,0,0,0,A,A,A,A,A,C,A,A,C,C,Horizontal,Horizontal,Horizontal,Horizontal,Horizontal,Vertical,Horizontal,Horizontal,Horizontal,Horizontal,0,0.847338211,-0.078532294,-0.015841366
211,0,0,0,0,0,0,0,0,0,0,0,0,0,0,0,0,0,0,0,0,0,0,1,0,0,0,0,0,0,0,A,A,B,A,A,A,A,B,A,A,Horizontal,Horizontal,Horizontal,Horizontal,Horizontal,Horizontal,Horizontal,Horizontal,Horizontal,Horizontal,0,0.524829385,-0.281157443,-0.90523734
212,0,0,0,0,0,0,0,0,0,0,0,0,0,0,0,0,0,0,0,0,1,1,0,0,0,0,1,0,0,0,A,A,A,A,A,A,A,A,A,C,Horizontal,Horizontal,Horizontal,Horizontal,Horizontal,Horizontal,Horizontal,Horizontal,Horizontal,Horizontal,0,1.290428602,0.428030433,-1.144577866
213,0,0,0,0,0,0,0,0,NA,0,0,0,0,0,0,0,0,0,NA,0,0,0,0,1,0,1,1,0,NA,0,A,A,A,C,C,C,B,A,C,C,Horizontal,Horizontal,Horizontal,Horizontal,Horizontal,Horizontal,Horizontal,Horizontal,Horizontal,Horizontal,0,2.6759068,-0.281157443,-1.188303519
214,0,0,0,0,0,0,0,0,0,0,0,0,0,0,0,0,0,0,0,0,1,0,0,0,0,0,0,0,0,0,A,A,B,A,A,C,B,B,C,A,Horizontal,Horizontal,Horizontal,Horizontal,Horizontal,Horizontal,Horizontal,Horizontal,Horizontal,Horizontal,0,0.231719059,0.12409271,-1.173479841
215,0,0,0,0,0,0,0,0,0,0,0,0,0,0,0,0,0,0,0,0,1,0,0,1,1,0,1,1,0,0,A,A,A,A,C,A,A,A,A,A,Horizontal,Horizontal,Horizontal,Horizontal,Vertical,Horizontal,Horizontal,Horizontal,Horizontal,Horizontal,0,0.008867517,-0.686407595,-1.140951475
216,0,0,0,0,0,0,0,0,0,1,0,0,0,0,0,0,0,0,0,0,0,0,0,0,0,0,0,0,0,1,A,A,A,B,B,A,C,C,A,A,Horizontal,Horizontal,Horizontal,Horizontal,Horizontal,Horizontal,Horizontal,Horizontal,Horizontal,Horizontal,0,2.177347754,-0.745755162,-1.054649228
217,0,0,0,0,0,0,0,0,0,1,0,0,0,0,0,0,0,0,0,0,0,0,0,1,0,0,0,0,0,0,B,A,A,A,A,C,B,B,C,C,Horizontal,Horizontal,Horizontal,Horizontal,Horizontal,Horizontal,Horizontal,Horizontal,Horizontal,Horizontal,0,1.092545338,-0.662490943,-0.770118754
218,0,0,0,0,0,0,0,0,0,0,0,0,0,0,0,0,0,0,0,0,0,0,0,0,0,0,0,0,0,0,B,B,C,B,A,A,A,C,A,A,Horizontal,Horizontal,Horizontal,Horizontal,Horizontal,Horizontal,Horizontal,Horizontal,Horizontal,Horizontal,0,2.744245819,-0.523745187,-0.85647914
219,0,0,0,0,0,0,0,0,0,0,0,0,0,0,0,0,0,0,0,0,0,0,1,1,0,1,1,0,0,0,B,A,B,A,A,A,A,A,A,A,Horizontal,Horizontal,Horizontal,Horizontal,Horizontal,Horizontal,Horizontal,Horizontal,Horizontal,Horizontal,0,1.74754803,-0.523745187,-0.786161695
220,0,0,0,0,0,0,0,0,0,0,0,0,0,0,0,0,0,0,0,0,0,0,0,0,0,0,0,0,0,0,A,C,A,A,A,A,A,A,A,C,Horizontal,Horizontal,Horizontal,Horizontal,Horizontal,Horizontal,Horizontal,Horizontal,Horizontal,Horizontal,0,2.1462794,-0.745755162,-0.771132064
221,1,0,0,0,0,0,0,0,0,0,0,0,0,0,0,0,0,0,0,0,0,1,0,0,0,0,0,0,0,0,A,A,C,B,A,A,A,C,C,A,Horizontal,Horizontal,Horizontal,Horizontal,Horizontal,Horizontal,Horizontal,Horizontal,Horizontal,Horizontal,0,0.476040141,-0.787720199,-0.719816592
222,0,0,0,0,0,0,0,0,0,0,0,0,1,0,0,0,0,0,0,1,0,0,0,0,0,0,0,0,0,0,A,C,C,C,B,A,A,A,C,A,Horizontal,Horizontal,Horizontal,Horizontal,Horizontal,Horizontal,Horizontal,Horizontal,Horizontal,NA,NA,-0.491800997,-0.662490943,-0.742443995
223,0,0,0,0,0,1,1,0,0,0,0,0,0,1,1,1,0,0,0,1,0,0,0,0,0,0,0,0,0,0,C,C,C,C,C,C,A,B,B,B,Horizontal,Horizontal,Horizontal,Horizontal,Horizontal,Horizontal,NA,Horizontal,Horizontal,Horizontal,1,-0.896308695,-0.662490943,-0.685202232
224,0,0,0,0,0,0,0,0,0,0,0,0,0,0,0,0,0,0,0,0,0,0,1,1,1,0,0,0,0,1,B,C,A,C,B,C,A,C,B,A,Horizontal,Horizontal,Horizontal,Horizontal,Horizontal,Horizontal,Horizontal,Horizontal,Horizontal,Horizontal,1,-0.799281146,-0.745755162,-0.593400958
225,0,0,0,0,0,0,0,0,0,0,1,0,0,0,1,0,0,0,0,0,0,0,0,0,0,0,1,0,0,0,C,C,B,C,C,A,C,C,B,C,Horizontal,Horizontal,Horizontal,Horizontal,Horizontal,Horizontal,Horizontal,Horizontal,Horizontal,Horizontal,1,-0.994689166,-0.686407595,-0.796691075
226,0,0,0,0,0,0,0,0,0,0,0,0,0,0,0,0,1,0,0,1,0,0,0,0,0,0,0,0,0,0,C,B,A,C,B,C,C,A,A,A,Horizontal,Horizontal,Horizontal,Horizontal,Horizontal,Horizontal,Horizontal,Horizontal,Horizontal,Horizontal,1,-0.508870985,-0.662490943,-0.765517035
227,0,0,0,0,0,0,0,0,0,0,1,0,0,0,0,0,0,0,0,0,0,1,0,0,0,0,0,0,0,0,A,A,C,A,A,B,B,A,C,B,Horizontal,Horizontal,Horizontal,Horizontal,Horizontal,Horizontal,Horizontal,Horizontal,Horizontal,Horizontal,1,-0.42016203,-0.787720199,-0.620255745
228,0,0,0,0,0,0,0,0,0,0,0,0,0,0,0,1,0,0,0,1,0,1,1,1,0,0,0,1,0,0,C,C,B,B,A,B,C,C,C,C,Horizontal,Horizontal,Horizontal,Horizontal,Horizontal,Horizontal,Horizontal,Horizontal,Horizontal,Horizontal,0,-0.62223015,-0.787720199,-0.81324547
229,0,0,0,0,0,0,0,0,0,0,0,0,0,0,0,0,0,0,0,0,1,0,0,0,1,1,0,0,0,1,A,C,B,C,A,C,C,C,C,A,Horizontal,Horizontal,Horizontal,Horizontal,Horizontal,Horizontal,Horizontal,Horizontal,Horizontal,Horizontal,0,-0.265923272,-0.787720199,-0.538095318
230,0,0,0,0,0,0,0,0,0,0,0,0,0,0,0,0,0,0,0,0,0,0,1,0,1,0,0,0,0,0,B,C,B,A,C,A,C,C,B,B,Horizontal,Horizontal,Horizontal,Horizontal,Horizontal,Horizontal,Horizontal,Horizontal,Horizontal,Horizontal,0,-1.297578128,-0.787720199,-0.800404262
231,0,0,0,0,0,0,0,0,0,0,0,1,1,0,1,0,1,0,1,0,0,0,0,0,0,0,0,0,0,0,A,C,C,C,C,C,A,A,A,B,Horizontal,Horizontal,Horizontal,Horizontal,Horizontal,Horizontal,Horizontal,Horizontal,Horizontal,Horizontal,0,-0.882645435,-0.889032744,-0.605936391
232,0,0,0,0,0,0,0,0,0,0,1,0,0,0,0,0,0,1,0,0,0,0,1,0,0,0,0,0,1,0,A,A,B,C,A,A,A,C,C,B,Horizontal,Horizontal,Horizontal,Horizontal,Horizontal,Horizontal,Horizontal,Horizontal,Horizontal,Horizontal,0,-0.200252609,-0.787720199,-0.713598238
233,0,0,0,0,0,0,0,0,0,0,0,1,0,0,0,0,0,0,1,0,0,0,0,0,1,0,0,1,0,0,B,C,B,C,C,A,C,C,C,B,Horizontal,Horizontal,Horizontal,Horizontal,Horizontal,Horizontal,Horizontal,Horizontal,Horizontal,Horizontal,0,-0.37607791,-0.889032744,-0.197725811
234,0,0,0,0,0,0,0,0,0,0,0,0,1,0,1,0,0,1,0,0,1,0,0,0,0,0,0,0,0,0,A,C,A,A,A,B,A,A,A,A,Horizontal,Horizontal,Horizontal,Horizontal,Horizontal,Horizontal,Horizontal,Horizontal,Horizontal,Horizontal,1,-0.462997736,-0.745755162,-0.972225532
235,0,0,0,0,0,0,0,0,0,0,0,0,0,0,0,0,0,0,0,0,0,0,0,1,1,0,0,0,0,0,C,C,A,C,A,C,A,C,B,C,Horizontal,Horizontal,Horizontal,Horizontal,Horizontal,Horizontal,Horizontal,Horizontal,Horizontal,Horizontal,NA,-1.112259315,-0.686407595,-0.580707838
236,NA,NA,NA,NA,NA,NA,NA,NA,NA,NA,NA,NA,NA,NA,NA,NA,NA,NA,NA,NA,NA,NA,NA,NA,NA,NA,NA,NA,NA,NA,A,B,C,B,C,A,A,C,A,C,Horizontal,Horizontal,Horizontal,Horizontal,Horizontal,Horizontal,Horizontal,Horizontal,Horizontal,Horizontal,0,-1.031549751,-0.889032744,-0.382400631
237,0,0,0,0,0,0,0,0,0,0,0,0,0,0,0,0,0,0,0,0,0,0,0,0,0,0,0,0,0,0,A,A,C,A,A,B,A,B,B,A,Horizontal,Horizontal,Horizontal,Horizontal,Horizontal,Horizontal,Horizontal,Horizontal,Horizontal,Horizontal,0,-0.854501028,-0.787720199,0.816831157
238,0,0,0,0,0,0,0,0,0,0,0,0,0,0,0,0,0,0,0,0,0,0,0,0,0,0,0,0,0,0,B,A,B,C,A,C,C,A,A,A,Horizontal,Horizontal,Horizontal,Horizontal,Horizontal,Horizontal,Horizontal,Horizontal,Horizontal,Horizontal,0,0.320119034,-0.787720199,0.825935869
239,0,NA,NA,0,NA,NA,0,0,NA,NA,0,NA,NA,0,NA,NA,0,0,NA,NA,0,NA,NA,0,NA,NA,0,0,NA,NA,B,A,A,A,A,C,A,A,A,A,Horizontal,Horizontal,Horizontal,Horizontal,Horizontal,Horizontal,Horizontal,Horizontal,Horizontal,Horizontal,0,-1.075857655,-0.889032744,0.015284683
240,0,0,0,0,0,0,0,0,0,0,0,0,0,0,0,0,0,1,0,0,0,0,0,0,0,0,0,0,0,0,A,A,A,C,A,NA,B,A,B,C,Horizontal,Horizontal,Horizontal,Horizontal,Horizontal,Horizontal,Horizontal,Horizontal,Horizontal,Horizontal,1,-0.516630689,-0.889032744,-0.671015885
241,0,0,0,0,0,0,0,0,0,0,0,0,0,0,0,0,0,0,0,0,1,0,1,0,0,0,0,0,0,1,A,C,C,C,B,C,C,C,C,A,Horizontal,Horizontal,Horizontal,Horizontal,Horizontal,Horizontal,Horizontal,Horizontal,Horizontal,Horizontal,1,-0.415840859,-0.662490943,-0.682834185
242,0,0,0,0,NA,0,0,0,0,0,0,0,0,0,NA,0,0,1,0,1,0,1,1,0,NA,1,1,1,0,0,C,A,B,A,C,A,A,B,C,B,Horizontal,Horizontal,Horizontal,Horizontal,Horizontal,Horizontal,Horizontal,Horizontal,Horizontal,Horizontal,NA,-1.112259315,-0.686407595,-0.580707838
243,NA,0,0,NA,NA,0,NA,NA,0,0,NA,0,0,NA,NA,0,NA,NA,0,0,NA,0,0,NA,NA,0,NA,NA,0,0,A,B,A,A,C,C,C,B,C,B,Horizontal,Horizontal,Horizontal,Horizontal,Horizontal,Horizontal,Horizontal,Horizontal,Horizontal,Horizontal,0,0.451923829,-0.889032744,1.422047683
244,0,0,0,0,0,NA,0,0,0,0,0,0,0,0,0,NA,0,0,0,0,0,0,0,0,0,NA,0,1,0,1,A,B,A,A,C,C,A,A,A,A,Horizontal,Horizontal,Horizontal,Horizontal,Horizontal,Horizontal,Horizontal,Horizontal,Horizontal,Horizontal,0,1.228837152,-0.787720199,-0.039885209
245,0,0,NA,0,0,0,0,0,0,0,0,0,NA,0,0,0,0,0,0,0,0,0,NA,0,0,0,0,0,0,0,A,A,A,C,A,C,B,A,A,C,Horizontal,Horizontal,Horizontal,Horizontal,Horizontal,Horizontal,Horizontal,Horizontal,Horizontal,Horizontal,0,0.931205728,-0.889032744,1.950463771
246,0,0,0,0,0,0,0,0,0,0,0,0,0,0,0,0,0,0,0,0,0,0,0,0,0,0,0,0,0,0,NA,NA,NA,NA,NA,NA,NA,NA,NA,NA,NA,NA,NA,NA,NA,NA,NA,NA,NA,NA,0,-0.864255469,-0.179844868,2.65935609
247,0,0,0,0,0,0,0,0,0,NA,0,0,0,0,1,0,0,0,0,NA,0,0,0,0,0,0,0,0,0,NA,NA,NA,NA,NA,NA,NA,NA,NA,NA,NA,NA,NA,NA,NA,NA,NA,NA,NA,NA,NA,0,0.154053854,0.022780135,2.660247365
248,0,NA,0,0,NA,0,0,0,0,0,0,NA,0,0,NA,0,0,0,0,0,0,NA,0,0,NA,0,0,1,0,1,NA,NA,NA,NA,NA,NA,NA,NA,NA,NA,NA,NA,NA,NA,NA,NA,NA,NA,NA,NA,0,0.13322045,-0.179844868,-0.427802155
249,0,0,0,0,0,0,0,0,0,0,0,0,1,0,0,1,0,0,0,0,0,1,1,0,0,0,0,1,0,1,NA,NA,NA,NA,NA,NA,NA,NA,NA,NA,NA,NA,NA,NA,NA,NA,NA,NA,NA,NA,0,-1.255261894,-0.07222487,-0.51098549
250,0,0,0,0,0,0,0,0,0,0,0,0,0,0,0,0,0,0,0,0,1,0,1,1,0,0,0,0,0,0,C,A,A,C,A,B,A,A,C,B,Horizontal,Horizontal,Horizontal,Horizontal,Horizontal,Horizontal,Horizontal,Vertical,Horizontal,Horizontal,0,-0.316447117,-0.272772607,3.219940331
251,0,0,0,0,0,0,0,0,0,0,0,0,0,0,0,0,0,0,0,0,0,0,0,0,0,0,0,0,0,0,B,A,C,A,B,A,B,A,C,B,Horizontal,Horizontal,Horizontal,Horizontal,Horizontal,Horizontal,Horizontal,Vertical,Horizontal,Horizontal,0,-0.067286869,-0.281157443,0.441440047
252,0,0,0,0,0,0,0,0,0,0,0,0,0,0,0,0,0,0,0,0,0,0,0,0,0,1,0,0,0,1,B,B,C,C,A,C,C,B,C,B,Horizontal,Horizontal,Horizontal,Horizontal,Vertical,Horizontal,Horizontal,Horizontal,Horizontal,Horizontal,0,-0.952003406,-0.151466252,-0.964878688
253,0,0,NA,0,0,0,0,0,0,0,0,0,NA,0,0,0,0,0,0,0,0,0,NA,0,0,1,0,0,0,0,B,C,C,B,C,C,A,A,B,A,Horizontal,Horizontal,Horizontal,Horizontal,Horizontal,Horizontal,Horizontal,Horizontal,Horizontal,Horizontal,0,-1.207483877,-0.209407487,0.23487004
254,0,0,0,0,1,0,0,0,0,0,0,0,0,0,0,0,0,0,0,0,0,0,0,0,0,0,1,0,0,0,A,A,C,B,B,A,A,C,B,B,Horizontal,Horizontal,Horizontal,Horizontal,Horizontal,Horizontal,Horizontal,Horizontal,Horizontal,Horizontal,0,-0.456259254,-0.151466252,0.505940897
255,0,1,0,0,0,0,0,0,0,0,0,0,0,0,0,0,0,0,0,0,0,1,0,0,0,0,0,0,0,0,A,B,A,B,C,B,B,B,C,C,Horizontal,Horizontal,Vertical,Vertical,Horizontal,Horizontal,Horizontal,Horizontal,Horizontal,Vertical,0,-0.185315944,-0.07222487,0.084450327
256,0,0,0,0,0,0,0,0,0,0,0,0,0,0,0,0,0,0,0,0,0,1,1,1,1,0,0,0,0,1,A,A,A,A,A,B,A,A,C,A,Horizontal,Horizontal,Horizontal,Horizontal,Horizontal,Horizontal,Horizontal,Vertical,Horizontal,Horizontal,NA,0.850916468,0.017134313,0.875230205
257,0,0,0,1,0,0,0,0,0,0,0,0,0,0,0,0,0,0,0,0,0,0,0,1,0,1,1,0,1,0,A,C,C,A,B,B,B,B,A,B,Horizontal,Horizontal,Vertical,Horizontal,Horizontal,Vertical,Horizontal,Horizontal,Horizontal,Horizontal,NA,-0.891402508,0.108780218,-0.277621029
258,0,0,0,0,0,0,0,0,0,0,0,0,0,0,0,0,0,0,0,0,1,1,1,0,1,1,1,1,1,0,A,A,A,C,A,C,B,A,C,C,Horizontal,Horizontal,Horizontal,Horizontal,Horizontal,Horizontal,Horizontal,Horizontal,Horizontal,Horizontal,1,-0.593361004,-0.029367223,-0.229311208
259,0,0,0,0,0,0,0,0,0,0,0,0,0,0,0,0,0,0,0,0,0,1,0,0,0,0,0,0,0,0,A,A,B,A,C,B,C,B,B,B,Horizontal,Horizontal,Horizontal,Horizontal,Horizontal,Horizontal,Horizontal,Horizontal,Horizontal,Horizontal,1,-0.838996385,0.045022897,-0.448829377
260,0,0,0,0,0,0,0,0,0,0,0,0,0,0,0,0,0,0,0,0,0,0,1,1,0,1,1,0,0,0,C,A,A,C,C,A,A,B,B,A,Horizontal,Horizontal,Horizontal,Horizontal,Horizontal,Horizontal,Horizontal,Horizontal,Horizontal,Horizontal,1,-0.937947105,-0.07222487,-0.910051594
261,0,0,0,0,0,0,0,0,0,0,0,0,0,0,0,0,0,0,0,0,0,1,1,1,0,1,0,1,1,0,A,A,B,A,B,C,C,B,B,C,Horizontal,Horizontal,Horizontal,Horizontal,Horizontal,Horizontal,Horizontal,Horizontal,Horizontal,Horizontal,0,0.234570305,-0.117459377,0.658979586
262,0,0,0,0,0,0,0,0,0,0,0,0,0,0,0,0,0,0,0,0,0,0,0,0,0,1,0,0,0,0,C,B,A,A,B,C,A,B,B,C,Horizontal,Horizontal,Horizontal,Horizontal,Horizontal,Horizontal,Horizontal,Horizontal,Horizontal,Horizontal,0,-1.124461737,0.845158933,-0.272038908
263,0,0,0,0,0,0,NA,NA,0,NA,0,0,0,0,0,0,NA,NA,0,NA,0,1,1,1,0,0,NA,NA,0,NA,A,C,C,C,A,C,C,C,C,C,Horizontal,Horizontal,Horizontal,Horizontal,Horizontal,Horizontal,Horizontal,Horizontal,Horizontal,Horizontal,0,-0.847876141,0.845158933,0.186713793
264,0,0,0,0,0,0,0,0,0,0,0,0,0,0,0,0,0,0,0,0,0,0,0,0,1,0,0,0,0,0,A,A,C,C,B,C,C,A,A,A,Horizontal,Horizontal,Horizontal,Horizontal,Horizontal,Horizontal,Horizontal,Horizontal,Horizontal,Horizontal,0,-0.07475009,0.744583294,1.575305763
265,0,0,0,0,0,0,0,0,0,0,0,0,0,0,0,0,0,0,0,0,1,1,1,1,1,0,0,1,0,1,A,B,A,A,C,A,A,A,A,B,Horizontal,Horizontal,Horizontal,Horizontal,Horizontal,Horizontal,Horizontal,Horizontal,Horizontal,Horizontal,0,-0.470172424,0.630655146,0.211779174
266,0,0,0,0,0,0,0,0,0,0,0,0,0,0,0,0,0,0,0,0,0,0,0,0,0,0,0,0,0,0,A,A,B,A,C,B,B,B,B,C,Horizontal,Horizontal,Horizontal,Horizontal,Horizontal,Horizontal,Horizontal,Horizontal,Horizontal,Horizontal,0,-0.671226138,0.630655146,-0.868854144
267,0,0,0,0,0,0,0,0,0,0,0,0,0,0,0,0,0,0,0,0,1,1,1,1,0,1,1,0,1,1,A,A,A,A,A,B,A,A,A,A,Horizontal,Horizontal,Horizontal,Horizontal,Horizontal,Horizontal,Horizontal,Horizontal,Horizontal,Horizontal,0,0.274487744,0.428030433,1.121866429
268,0,0,0,0,0,0,0,0,0,0,0,0,0,0,0,0,0,0,0,0,1,0,1,0,0,1,1,0,0,0,C,C,C,A,C,A,A,A,A,A,Horizontal,Horizontal,Horizontal,Horizontal,Horizontal,Horizontal,Horizontal,Horizontal,Horizontal,Horizontal,1,-0.541240006,0.225405284,-0.130871996
269,0,0,0,0,0,0,0,0,0,0,0,0,0,0,0,0,0,0,0,0,0,1,1,1,1,0,0,1,1,1,C,C,A,C,C,A,B,C,B,C,Horizontal,Horizontal,Horizontal,Horizontal,Horizontal,Horizontal,Horizontal,Horizontal,Horizontal,Horizontal,0,-0.50993083,-0.053587968,0.689817684
270,0,0,0,0,0,0,0,0,0,0,0,0,0,0,0,0,0,0,0,0,0,1,1,0,1,0,0,0,0,0,A,A,A,B,C,B,A,A,A,C,Horizontal,Horizontal,Horizontal,Horizontal,Horizontal,Horizontal,Horizontal,Horizontal,Horizontal,Horizontal,0,-0.676018729,1.978309197,-0.604141502
271,0,0,0,0,0,0,0,0,0,0,0,0,0,0,0,0,0,0,0,0,0,0,0,0,0,0,0,0,0,0,A,A,A,C,B,B,B,A,C,A,Horizontal,Horizontal,Horizontal,Horizontal,Horizontal,Horizontal,Horizontal,Horizontal,Horizontal,Horizontal,0,-0.297761803,2.150343037,1.033630253
272,0,0,0,0,0,NA,0,0,0,0,0,0,0,0,0,NA,0,0,0,0,1,0,0,1,0,NA,0,0,0,0,A,A,C,A,A,B,C,C,B,A,Horizontal,Horizontal,Horizontal,Horizontal,Horizontal,Horizontal,Horizontal,Horizontal,Horizontal,Horizontal,0,-0.745595939,2.119795854,1.36869462
273,0,0,0,0,0,0,0,0,0,0,0,0,0,0,0,0,0,0,0,0,0,0,1,1,1,0,0,0,1,0,A,A,B,A,B,C,C,A,A,A,Horizontal,Horizontal,Horizontal,Horizontal,Horizontal,Horizontal,Horizontal,Horizontal,Horizontal,Horizontal,0,-0.816427243,2.123205468,2.226141832
274,0,0,0,1,0,0,0,0,0,0,0,0,0,0,0,0,0,0,0,0,0,0,1,0,1,1,1,1,0,1,C,C,B,A,A,A,A,A,A,C,Horizontal,Horizontal,Horizontal,Horizontal,Horizontal,Horizontal,Horizontal,Horizontal,Horizontal,Horizontal,0,-0.919566226,2.150343037,-0.858985678
275,0,0,0,0,0,0,0,0,0,NA,0,0,0,0,0,0,0,0,0,NA,1,1,1,1,1,1,0,0,1,NA,A,B,B,C,C,A,C,A,B,B,Horizontal,Horizontal,Horizontal,Horizontal,Horizontal,Horizontal,Horizontal,Horizontal,Horizontal,Horizontal,0,-0.854605536,1.925925387,0.047216991
276,0,0,0,0,0,0,0,0,0,0,0,0,0,0,0,0,0,0,0,0,0,1,0,1,1,1,1,0,1,1,B,C,C,A,C,B,B,C,A,A,Horizontal,Horizontal,Horizontal,Horizontal,Horizontal,Horizontal,Horizontal,Horizontal,Horizontal,Horizontal,NA,-1.086219831,1.87626172,0.147951579
277,0,0,0,0,0,0,0,0,0,0,0,0,0,0,0,0,0,0,0,0,0,0,0,0,0,0,1,0,0,0,A,A,A,C,B,A,B,C,B,B,Horizontal,Horizontal,Horizontal,Horizontal,Horizontal,Horizontal,Horizontal,Horizontal,Horizontal,Horizontal,0,-0.418017348,1.787613199,-0.591869337
278,0,0,0,0,0,0,0,0,0,0,0,0,0,0,0,0,0,0,0,0,1,1,1,1,1,1,1,1,1,1,A,A,A,A,A,A,A,B,A,A,Horizontal,Horizontal,Horizontal,Horizontal,Horizontal,Horizontal,Horizontal,Horizontal,Horizontal,Horizontal,0,0.01227538,2.090659545,1.139705631
279,0,0,0,0,0,0,0,0,0,0,0,0,0,0,0,0,0,0,0,0,1,1,1,1,1,1,1,1,0,1,C,A,A,B,A,A,A,A,C,A,Horizontal,Horizontal,Horizontal,Horizontal,Horizontal,Horizontal,Horizontal,Horizontal,Horizontal,Horizontal,0,0.220870695,2.123205468,2.047215047
280,0,0,0,0,0,0,0,0,0,0,0,0,0,0,0,0,0,0,0,0,0,1,0,1,0,0,0,0,0,1,B,A,C,A,C,C,B,A,C,A,Horizontal,Horizontal,Horizontal,Horizontal,Horizontal,Horizontal,Horizontal,Horizontal,Horizontal,Horizontal,0,-0.853384384,2.198923872,0.554714181
281,0,0,0,0,0,0,0,0,0,0,0,0,0,0,0,0,0,0,0,0,1,1,1,1,1,1,1,0,1,0,B,C,A,A,C,A,C,A,B,A,Horizontal,Horizontal,Horizontal,Horizontal,Horizontal,Horizontal,Horizontal,Horizontal,Horizontal,Horizontal,0,-1.099767224,2.033268,-0.379950312
282,0,0,0,0,0,0,0,0,0,0,0,0,0,0,0,0,0,0,0,0,1,1,1,0,1,0,1,1,0,0,C,C,C,A,B,B,A,A,A,B,Horizontal,Horizontal,Horizontal,Horizontal,Horizontal,Horizontal,Horizontal,Horizontal,Horizontal,Horizontal,NA,-0.983913502,1.829467702,-0.244258567
283,0,0,0,0,0,0,0,0,0,0,0,0,0,0,0,0,0,0,0,0,1,1,1,1,1,1,1,1,1,1,B,C,A,C,C,B,B,B,C,C,Horizontal,Horizontal,Horizontal,Horizontal,Horizontal,Horizontal,Horizontal,Horizontal,Horizontal,Horizontal,NA,-1.13282009,1.785695744,-0.626331494
284,0,0,0,0,0,0,0,0,0,0,0,0,0,0,0,0,0,0,0,0,1,0,1,1,0,1,1,0,0,0,A,A,A,A,B,C,A,A,B,B,Horizontal,Horizontal,Horizontal,Horizontal,Horizontal,Horizontal,Horizontal,Horizontal,Horizontal,Horizontal,0,-0.46663847,1.787613199,2.280701544
285,0,0,0,0,0,0,0,0,0,0,0,0,0,0,0,0,0,0,0,0,0,1,0,1,1,1,0,0,0,0,A,C,A,A,C,C,A,A,A,A,Horizontal,Horizontal,Horizontal,Horizontal,Horizontal,Horizontal,Horizontal,Horizontal,Horizontal,Horizontal,0,1.241048662,-0.787720199,0.227054248
286,0,0,0,0,0,0,0,0,0,0,0,0,0,0,0,1,0,0,1,0,1,0,1,0,0,0,1,0,0,0,A,C,A,C,C,A,C,A,A,A,Horizontal,Horizontal,Horizontal,Horizontal,Horizontal,Horizontal,Horizontal,Horizontal,Horizontal,Horizontal,1,-0.42016203,-0.787720199,-0.620255745
287,0,0,0,0,0,0,0,0,0,0,0,0,1,0,1,0,1,0,0,0,0,0,0,0,0,0,1,0,0,0,B,A,A,A,A,A,A,A,A,A,Horizontal,Horizontal,Horizontal,Horizontal,Horizontal,Horizontal,Horizontal,Horizontal,Horizontal,Horizontal,0,-0.200252609,-0.787720199,-0.713598238
288,0,0,0,0,0,0,0,0,0,0,1,0,0,1,1,0,1,1,1,0,0,1,0,0,0,0,0,1,0,0,C,B,B,A,B,A,B,A,A,A,Horizontal,Horizontal,Horizontal,Horizontal,Horizontal,Horizontal,Horizontal,Horizontal,Horizontal,Horizontal,0,-0.349641978,-0.787720199,-0.735649741
289,0,0,0,0,0,0,0,0,0,0,0,0,0,1,0,0,0,0,0,0,0,0,1,0,0,0,0,0,1,0,NA,NA,NA,NA,NA,NA,NA,NA,NA,NA,NA,NA,NA,NA,NA,NA,NA,NA,NA,NA,0,-1.161776705,-0.172644761,3.387815313
290,0,0,0,0,0,0,0,0,0,0,0,0,1,0,0,0,0,0,0,0,0,0,0,0,0,0,0,0,1,0,NA,NA,NA,NA,NA,NA,NA,NA,NA,NA,NA,NA,NA,NA,NA,NA,NA,NA,NA,NA,0,-0.823270232,-0.117459377,-0.181725377
291,0,0,0,0,0,0,0,0,0,0,0,0,0,0,0,0,1,0,0,0,0,0,0,0,0,1,0,1,1,0,C,A,A,A,A,C,B,A,A,A,Horizontal,Horizontal,Horizontal,Horizontal,Horizontal,Horizontal,Horizontal,Horizontal,Horizontal,Horizontal,0,-0.150961274,-0.889032744,-0.678224239
292,0,0,0,0,0,0,0,0,0,0,0,0,0,0,0,0,0,0,0,0,0,1,0,0,0,0,0,1,0,1,A,A,A,A,A,A,A,A,B,A,Horizontal,Horizontal,Horizontal,Horizontal,Horizontal,Horizontal,Horizontal,Horizontal,Horizontal,Horizontal,NA,-0.541810256,-0.889032744,-1.014137373
293,0,0,0,0,0,0,0,0,0,0,0,0,0,0,0,0,0,0,0,0,0,1,0,1,0,0,0,0,0,0,NA,NA,NA,NA,NA,NA,NA,NA,NA,NA,NA,NA,NA,NA,NA,NA,NA,NA,NA,NA,0,-0.283238625,1.443356823,-0.768842175
294,0,0,0,0,NA,0,0,0,0,0,0,0,0,0,NA,0,0,0,0,0,0,1,1,0,NA,0,1,0,0,0,A,A,A,C,A,C,A,C,A,A,Horizontal,Horizontal,Horizontal,Horizontal,Horizontal,Horizontal,Horizontal,Horizontal,Horizontal,Horizontal,0,-0.479740569,1.441156322,-0.244613706
295,0,0,0,0,NA,0,0,0,0,NA,0,0,0,0,NA,0,0,0,0,NA,0,0,0,0,NA,0,0,0,0,NA,A,A,A,A,A,A,A,A,A,B,Horizontal,Horizontal,Horizontal,Horizontal,Horizontal,Horizontal,Horizontal,Horizontal,Horizontal,Horizontal,0,-0.576113808,-0.787720199,-0.678440887
296,0,0,0,0,0,NA,0,0,NA,0,0,0,0,0,0,NA,0,0,NA,0,1,0,0,0,0,NA,0,0,NA,0,A,A,A,A,A,A,A,A,A,A,Horizontal,Horizontal,Horizontal,Horizontal,Horizontal,Horizontal,Horizontal,Horizontal,Horizontal,Horizontal,0,-0.088563296,1.449949615,-0.386632128
297,0,0,0,0,0,0,0,0,0,NA,0,0,0,0,0,0,0,0,0,NA,0,0,0,0,0,0,0,0,0,NA,C,A,B,A,A,A,A,A,A,C,Horizontal,Horizontal,Horizontal,Horizontal,Horizontal,Horizontal,Horizontal,Horizontal,Horizontal,Horizontal,0,-0.207336421,1.34903432,0.225326547
298,0,0,0,0,0,0,0,0,0,0,0,0,0,0,0,0,0,0,0,0,0,0,0,0,0,1,1,1,1,0,A,C,A,A,A,B,A,C,C,B,Horizontal,Horizontal,Horizontal,Horizontal,Horizontal,Horizontal,Horizontal,Horizontal,Horizontal,Horizontal,0,-1.102907002,1.476132085,-0.792678968
299,0,NA,0,0,0,0,0,0,0,0,0,NA,0,0,0,0,0,0,0,0,0,NA,0,0,0,0,0,1,0,0,A,C,A,B,A,A,A,B,A,A,Horizontal,Horizontal,Horizontal,Horizontal,Horizontal,Horizontal,Horizontal,Horizontal,Horizontal,Horizontal,0,-0.29377801,-0.889032744,-0.343446451
300,NA,0,0,0,0,0,0,0,0,0,NA,0,0,0,0,0,0,0,0,0,NA,0,0,0,0,0,0,0,0,0,A,B,A,A,A,A,B,A,A,A,Horizontal,Horizontal,Horizontal,Horizontal,Horizontal,Horizontal,Horizontal,Horizontal,Horizontal,Horizontal,0,0.570983214,-0.787720199,-0.522334843
301,0,0,0,0,0,0,0,0,0,0,0,0,0,0,0,0,0,0,0,0,0,0,0,0,0,0,0,0,0,0,A,B,A,B,C,C,A,B,C,C,Horizontal,Horizontal,Horizontal,Horizontal,Horizontal,Horizontal,Horizontal,Horizontal,Horizontal,Horizontal,NA,0.970498392,-0.889032744,-0.951425928
302,0,0,0,0,0,0,0,0,0,0,0,0,0,NA,0,0,0,NA,NA,0,0,0,NA,0,0,0,NA,NA,0,0,A,A,A,A,C,C,A,C,A,B,Horizontal,Horizontal,Horizontal,Horizontal,Horizontal,Horizontal,Horizontal,Horizontal,Horizontal,Horizontal,0,0.508108135,-0.787720199,2.065479318
303,NA,0,NA,0,0,0,0,NA,0,0,NA,0,NA,0,0,0,0,NA,0,0,NA,0,NA,1,1,1,0,NA,1,0,A,A,A,C,A,C,C,C,C,A,Horizontal,Horizontal,Horizontal,Horizontal,Horizontal,Horizontal,Horizontal,Horizontal,Horizontal,Horizontal,0,-0.736775253,-0.889032744,-0.962421513
304,0,0,0,0,0,0,0,0,0,0,0,0,0,0,0,0,0,0,0,0,0,1,1,0,1,1,0,0,1,0,B,A,B,C,B,B,C,C,A,C,Horizontal,Horizontal,Horizontal,Horizontal,Horizontal,Horizontal,Horizontal,Horizontal,Horizontal,Horizontal,NA,-1.13282009,1.785695744,-0.626331494
305,0,0,0,0,0,0,0,0,0,0,0,0,0,0,0,0,0,0,0,0,0,1,1,1,1,0,0,1,0,1,C,C,A,A,C,C,B,C,B,A,Horizontal,Horizontal,Horizontal,Horizontal,Horizontal,Horizontal,Horizontal,Horizontal,Horizontal,Horizontal,0,-1.125138766,1.978309197,-0.237032388
306,0,0,0,0,0,0,0,0,0,0,0,0,0,0,0,0,0,0,0,0,0,0,0,1,0,0,0,0,0,0,B,A,A,C,C,A,C,C,B,A,Horizontal,Horizontal,Horizontal,Horizontal,Horizontal,Horizontal,Horizontal,Horizontal,Horizontal,Horizontal,0,-0.46663847,1.787613199,2.280701544
307,0,0,0,0,0,0,0,0,0,0,0,0,0,0,0,0,0,0,0,0,0,1,0,0,0,0,0,0,0,0,A,A,A,C,A,A,C,A,A,A,Horizontal,Horizontal,Horizontal,Horizontal,Horizontal,Horizontal,Horizontal,Horizontal,Horizontal,Horizontal,0,-0.381115868,1.787613199,-0.853244499
308,0,0,0,0,0,0,0,0,0,0,0,0,0,0,0,0,0,0,0,0,0,0,0,0,0,0,0,1,1,0,A,A,A,B,A,C,A,B,C,A,Horizontal,Horizontal,Horizontal,Horizontal,Horizontal,Horizontal,Horizontal,Horizontal,Horizontal,Horizontal,0,-0.676018729,1.978309197,-0.604141502
309,0,0,0,0,0,0,0,0,0,0,0,0,0,0,0,0,0,0,0,0,0,0,0,0,0,0,0,0,0,1,C,A,A,C,A,A,B,A,A,A,Horizontal,Horizontal,Horizontal,Horizontal,Horizontal,Horizontal,Horizontal,Horizontal,Horizontal,Horizontal,0,-0.868403974,2.150343037,-0.0745695
310,0,0,0,0,0,0,0,0,0,0,0,0,0,0,0,0,0,0,0,0,1,1,0,1,0,0,0,1,0,0,B,A,B,A,C,A,A,C,A,A,Horizontal,Horizontal,Horizontal,Horizontal,Horizontal,Horizontal,Horizontal,Horizontal,Horizontal,Horizontal,0,-0.922243671,2.008577689,2.096481959
311,0,0,NA,0,0,0,0,0,0,0,0,0,NA,0,0,0,0,0,0,0,1,1,NA,1,1,1,1,1,1,1,B,A,C,B,C,A,A,B,A,A,Horizontal,Horizontal,Horizontal,Horizontal,Horizontal,Horizontal,Horizontal,Horizontal,Horizontal,Horizontal,0,-0.816427243,2.123205468,2.226141832
312,0,0,0,0,0,0,0,0,0,0,0,0,1,0,0,0,0,0,0,0,0,0,0,0,0,0,0,1,1,0,C,B,C,C,B,A,A,A,A,A,Horizontal,Horizontal,Horizontal,Horizontal,Horizontal,Horizontal,Horizontal,Horizontal,Horizontal,Horizontal,0,-0.405356,-0.662490943,-0.292420299
313,0,0,0,0,0,0,0,0,0,0,0,0,0,0,0,0,0,0,0,0,0,0,0,0,0,1,1,0,0,0,B,A,A,A,B,C,A,A,A,A,Horizontal,Horizontal,Horizontal,Horizontal,Horizontal,Horizontal,Horizontal,Horizontal,Horizontal,Horizontal,0,-0.120835762,0.428030433,0.986269297
314,0,0,0,0,0,0,NA,0,0,0,0,0,0,0,0,0,NA,0,0,0,0,0,0,0,0,0,NA,0,1,1,A,A,A,A,A,B,C,A,A,C,Horizontal,Horizontal,Horizontal,Horizontal,Horizontal,Horizontal,Horizontal,Horizontal,Horizontal,Horizontal,0,-0.468235622,1.667980588,1.914264314
315,0,0,0,0,0,0,0,0,0,0,0,0,0,0,0,0,0,0,0,0,1,1,1,1,1,1,1,1,1,1,C,C,A,A,B,B,A,B,A,A,Horizontal,Horizontal,Horizontal,Horizontal,Horizontal,Horizontal,Horizontal,Horizontal,Horizontal,Horizontal,0,-0.122721446,-0.298284186,-0.119423918
316,0,0,0,0,0,0,0,0,0,0,0,0,0,0,0,0,0,0,0,0,1,1,0,0,0,1,0,0,1,0,A,C,A,B,B,C,C,A,B,A,Horizontal,Horizontal,Horizontal,Horizontal,Horizontal,Horizontal,Horizontal,Horizontal,Horizontal,Horizontal,1,-0.005627262,-0.889032744,-0.960185099
317,0,0,0,0,0,0,0,0,0,0,0,0,0,0,0,0,0,0,0,0,0,0,0,0,0,1,0,0,0,0,A,A,A,A,C,B,A,C,C,C,Horizontal,Horizontal,Horizontal,Horizontal,Horizontal,Horizontal,Horizontal,Horizontal,Horizontal,Vertical,0,0.041162701,-0.382470017,0.441385199
318,0,0,0,0,0,0,0,0,0,0,0,0,0,0,0,0,0,0,0,0,1,0,1,0,0,0,0,0,0,0,A,A,A,B,C,A,A,A,A,A,Horizontal,Horizontal,Horizontal,Horizontal,Horizontal,Horizontal,Horizontal,Horizontal,Horizontal,Horizontal,0,1.307558795,0.12409271,0.243810209
319,0,0,0,0,1,0,0,0,0,0,0,0,0,0,0,0,0,0,0,0,1,1,0,1,1,1,1,1,1,1,A,C,B,C,C,A,A,B,A,A,Horizontal,Horizontal,Horizontal,Horizontal,Horizontal,Horizontal,Horizontal,Horizontal,Horizontal,Horizontal,0,-0.380240047,-0.459199983,0.796688353
320,0,0,0,0,0,0,0,0,0,0,0,0,0,0,0,0,0,0,0,0,0,0,0,0,0,0,0,0,0,0,A,A,C,C,A,C,C,A,C,B,Horizontal,Horizontal,Horizontal,Horizontal,Horizontal,Horizontal,Horizontal,Horizontal,Horizontal,Horizontal,0,3.042195311,-0.315922445,1.332563723
321,0,0,0,0,0,0,0,NA,0,0,0,0,0,0,0,0,0,NA,0,0,0,1,1,1,1,0,0,NA,0,0,A,A,A,A,A,B,C,NA,A,A,Horizontal,Horizontal,Horizontal,Horizontal,Horizontal,Horizontal,Horizontal,NA,Horizontal,Horizontal,0,0.582354118,-0.078532294,-0.662876492
322,0,0,0,0,0,0,0,0,0,0,0,0,0,0,0,0,0,0,0,0,0,0,0,0,0,1,0,0,0,0,B,A,C,C,A,B,A,C,C,A,Horizontal,Horizontal,Horizontal,Horizontal,Horizontal,Horizontal,Horizontal,Horizontal,Horizontal,Horizontal,0,1.107914801,-0.435949288,-0.527092877
323,0,0,0,0,0,0,0,0,0,0,0,0,0,0,0,0,0,0,0,0,1,1,0,0,0,0,0,0,0,1,A,C,A,A,B,B,B,A,A,A,Horizontal,Horizontal,Horizontal,Horizontal,Horizontal,Horizontal,Horizontal,Horizontal,Horizontal,Horizontal,0,1.116332224,-0.889032744,-0.146370574
324,0,0,0,0,0,0,1,0,0,0,0,0,0,0,0,0,0,0,0,0,1,0,0,0,1,0,1,1,1,1,A,C,A,A,C,A,B,A,A,C,Horizontal,Horizontal,Horizontal,Horizontal,Horizontal,Horizontal,Horizontal,Horizontal,Horizontal,Horizontal,1,1.289122254,0.187934363,-0.030400677
325,0,0,0,0,0,0,0,0,0,0,0,0,0,0,0,0,0,0,0,0,0,0,0,0,0,1,0,1,0,1,A,A,A,B,A,A,B,B,A,A,Horizontal,Horizontal,Horizontal,Horizontal,Horizontal,Horizontal,Horizontal,Horizontal,Horizontal,Horizontal,0,1.860314228,0.326717859,-0.583479016
326,NA,1,0,0,0,0,0,0,0,0,NA,0,0,0,0,0,0,0,0,0,NA,0,0,0,1,1,1,1,1,0,A,B,B,A,A,A,A,A,A,A,Horizontal,Horizontal,Horizontal,Horizontal,Horizontal,Horizontal,Horizontal,Horizontal,Horizontal,Horizontal,0,1.947612327,-0.662490943,-0.568113444
327,0,0,0,0,0,0,0,0,0,0,0,0,0,0,0,0,0,1,1,1,0,0,0,0,0,0,0,0,0,0,B,A,B,C,C,A,A,A,C,A,Horizontal,Horizontal,Horizontal,Horizontal,Horizontal,Horizontal,Horizontal,Horizontal,Horizontal,Horizontal,0,-0.460930299,-0.889032744,1.006686339
328,0,0,0,0,0,0,0,0,0,0,0,0,0,0,0,0,0,0,0,0,1,0,0,1,0,0,0,1,0,1,C,A,A,A,A,A,A,A,A,C,Horizontal,Horizontal,Horizontal,Horizontal,Horizontal,Horizontal,Horizontal,Horizontal,Horizontal,Horizontal,0,-0.982015322,-0.298284186,-0.029311951
329,0,0,0,0,0,0,0,0,0,0,0,0,0,0,0,0,0,0,1,0,0,1,0,0,1,1,0,1,0,0,A,C,C,A,A,A,C,C,B,B,Horizontal,Horizontal,Horizontal,Horizontal,Horizontal,Horizontal,Horizontal,Horizontal,Horizontal,Horizontal,0,-0.905339533,-0.343448004,-0.268800154
330,0,1,0,0,0,0,0,0,0,0,0,0,0,0,0,0,0,0,0,0,0,0,0,1,0,0,0,0,0,0,B,A,A,A,A,A,C,C,C,A,Horizontal,Horizontal,Horizontal,Horizontal,Horizontal,Horizontal,Horizontal,Horizontal,Horizontal,Horizontal,0,1.756385756,-0.483782591,-0.74566081
331,0,0,0,0,0,0,0,0,0,0,0,0,0,0,0,0,0,0,0,0,1,0,0,0,0,0,0,0,1,0,A,A,B,A,A,C,C,C,C,C,Horizontal,Horizontal,Horizontal,Horizontal,Horizontal,Horizontal,Horizontal,Horizontal,Horizontal,Horizontal,0,-0.684163523,0.266108009,-0.296317226
332,0,0,0,0,1,0,0,0,0,0,0,0,0,0,0,0,0,0,0,0,0,0,0,1,1,0,0,0,0,0,A,A,A,B,B,A,A,A,A,A,Horizontal,Horizontal,Horizontal,Horizontal,Horizontal,Horizontal,Horizontal,Horizontal,Horizontal,Horizontal,0,0.617307436,-0.281157443,2.43737389
333,0,0,0,0,0,0,0,0,0,0,0,0,1,0,0,0,0,0,0,0,0,0,0,0,0,0,0,0,0,0,A,A,A,B,A,C,C,A,B,C,Horizontal,Horizontal,Horizontal,Horizontal,Horizontal,Horizontal,Horizontal,Horizontal,Horizontal,Horizontal,0,0.527419361,-0.151466252,0.920630358
334,0,0,0,0,0,0,0,0,0,0,0,0,0,0,0,0,0,0,0,1,0,0,0,0,1,0,0,0,0,0,C,C,C,A,C,A,A,C,B,A,Horizontal,Horizontal,Horizontal,Horizontal,Horizontal,Horizontal,Horizontal,Horizontal,Horizontal,Horizontal,0,-1.298581971,-0.889032744,-0.471769412
335,0,0,0,0,0,0,NA,0,0,NA,0,0,0,0,0,0,NA,0,0,NA,1,0,1,1,0,1,NA,1,0,NA,A,A,C,A,A,A,C,A,A,C,Horizontal,Horizontal,Horizontal,Horizontal,Horizontal,Horizontal,Horizontal,Horizontal,Horizontal,Horizontal,0,-0.334112345,-0.787720199,0.661571138
336,0,0,0,0,0,0,0,0,0,0,0,0,0,0,0,0,0,0,0,0,1,1,0,0,0,1,1,0,0,0,A,A,B,C,A,A,A,C,A,B,Horizontal,Horizontal,Horizontal,Horizontal,Horizontal,Horizontal,Horizontal,Horizontal,Horizontal,Horizontal,0,-0.208612098,0.225405284,0.829418696
337,0,0,0,0,0,0,0,0,0,0,0,0,0,0,0,0,0,0,0,1,0,1,0,0,0,1,0,0,0,1,A,C,C,A,A,B,A,C,A,A,Horizontal,Horizontal,Horizontal,Horizontal,Horizontal,Horizontal,Horizontal,Horizontal,Horizontal,Horizontal,0,-1.296765466,-0.686407595,-0.439210468
338,0,0,0,0,0,0,0,0,0,0,0,0,0,0,0,0,0,0,0,0,1,0,0,0,0,0,0,1,1,0,A,A,A,C,C,B,A,A,B,C,Horizontal,Horizontal,Horizontal,Horizontal,Horizontal,Horizontal,Horizontal,Horizontal,Horizontal,Horizontal,0,-0.078578257,-0.662490943,1.361509577
339,0,0,1,0,0,0,0,0,0,0,0,0,0,0,0,0,0,0,0,0,0,1,1,0,0,0,0,1,1,0,A,A,A,B,B,B,A,B,C,A,Horizontal,Horizontal,Horizontal,Horizontal,Horizontal,Horizontal,Horizontal,Horizontal,Horizontal,Horizontal,0,1.443112239,-0.298284186,0.464064707
340,0,0,0,0,0,0,0,0,0,0,0,0,0,0,0,0,0,0,0,0,1,1,1,0,0,0,0,1,1,1,A,B,A,A,A,A,A,A,B,A,Horizontal,Horizontal,Horizontal,Horizontal,Horizontal,Horizontal,Horizontal,Horizontal,Horizontal,Horizontal,0,-0.41028377,0.428030433,-0.769315236
341,0,0,0,0,0,0,0,0,0,0,0,0,0,0,0,0,0,0,0,0,1,1,0,0,1,0,0,0,0,0,A,C,C,A,A,A,B,A,A,C,Horizontal,Horizontal,Horizontal,Horizontal,Horizontal,Horizontal,Horizontal,Horizontal,Horizontal,Horizontal,0,0.59378182,-0.179844868,1.521075137
342,0,0,NA,0,0,0,0,0,0,0,0,0,NA,0,0,0,0,0,0,0,0,0,NA,0,0,0,0,0,0,1,C,B,C,A,B,A,B,A,A,B,Horizontal,Horizontal,Horizontal,Horizontal,Horizontal,Horizontal,Horizontal,Horizontal,Horizontal,Horizontal,1,1.880068475,0.225405284,-0.823090626
343,0,0,0,0,0,0,0,0,0,0,0,0,0,0,0,0,0,0,0,0,0,1,0,0,0,0,0,0,0,0,C,A,A,A,A,A,A,C,C,B,Horizontal,Horizontal,Horizontal,Horizontal,Horizontal,Horizontal,Horizontal,Horizontal,Horizontal,Horizontal,1,1.202380773,0.518446176,-0.354259667
344,0,0,1,0,0,0,0,0,0,0,0,0,0,0,0,0,0,0,0,0,0,0,0,1,0,1,0,1,0,0,B,A,A,A,A,A,A,B,A,C,Horizontal,Horizontal,Horizontal,Horizontal,Horizontal,Horizontal,Horizontal,Horizontal,Horizontal,Horizontal,0,1.142743165,-0.662490943,-0.827259048
345,0,0,0,0,0,0,0,0,0,0,0,0,0,0,0,0,0,0,0,0,1,0,0,0,0,0,0,0,0,0,A,A,A,A,A,A,C,A,B,A,Horizontal,Horizontal,Horizontal,Horizontal,Horizontal,Horizontal,Horizontal,Horizontal,Horizontal,Horizontal,0,0.943019654,-0.787720199,-1.135168886
346,0,0,0,0,0,0,0,0,0,0,0,0,0,0,0,0,0,0,0,0,0,1,0,0,0,0,0,1,0,0,A,A,C,A,C,A,A,A,A,B,Horizontal,Horizontal,Horizontal,Horizontal,Horizontal,Horizontal,Horizontal,Horizontal,Horizontal,Horizontal,0,2.050688833,-0.523745187,-0.509819977
347,0,0,0,0,0,0,0,0,0,0,1,1,0,0,0,1,0,0,0,0,0,0,1,0,0,1,0,1,0,0,A,C,B,C,C,A,A,C,A,A,Horizontal,Horizontal,Horizontal,Horizontal,Horizontal,Horizontal,Horizontal,Horizontal,Horizontal,Horizontal,0,-1.298581971,-0.889032744,-0.7596881
348,0,0,0,0,0,0,0,0,0,0,0,0,0,0,0,0,0,0,0,0,0,0,0,0,0,0,0,1,0,1,A,A,B,C,A,B,C,A,A,A,Horizontal,Horizontal,Horizontal,Horizontal,Horizontal,Horizontal,Horizontal,Horizontal,Horizontal,Horizontal,0,-0.402152608,-0.602477522,-0.562479218
349,0,0,0,0,0,0,0,0,0,0,0,0,0,0,1,0,0,0,0,0,1,0,1,1,0,1,0,1,1,1,A,B,A,A,C,A,B,A,A,A,Horizontal,Horizontal,Horizontal,Horizontal,Horizontal,Horizontal,Horizontal,Horizontal,Horizontal,Horizontal,0,-0.702713659,-0.889032744,-0.873908356
350,0,0,0,0,0,0,0,0,0,0,0,0,0,0,0,0,0,0,0,0,0,0,0,0,0,0,0,0,0,0,A,A,C,A,A,C,A,A,A,C,Horizontal,Horizontal,Horizontal,Horizontal,Horizontal,Horizontal,Horizontal,Horizontal,Horizontal,Horizontal,0,1.838708374,-0.889032744,-1.015854105
351,0,0,0,0,0,0,0,0,0,0,0,0,0,0,0,0,0,0,0,0,1,1,0,0,1,0,0,1,1,0,A,A,A,C,A,A,A,B,A,A,Horizontal,Horizontal,Horizontal,Horizontal,Horizontal,Horizontal,Horizontal,Horizontal,Horizontal,Horizontal,0,3.057803325,-0.459199983,-0.860343158
352,0,0,0,0,0,0,0,0,0,0,0,0,0,0,0,0,0,0,0,0,0,1,0,0,0,0,0,0,0,0,A,A,C,C,A,B,B,C,A,A,Horizontal,Horizontal,Horizontal,Horizontal,Horizontal,Horizontal,Horizontal,Horizontal,Horizontal,Horizontal,0,0.163607231,-0.889032744,-0.353026966
353,0,1,0,0,0,0,0,0,0,0,0,0,0,0,0,0,0,0,0,0,0,1,0,1,0,1,0,0,1,0,A,A,C,A,A,C,A,A,A,A,Horizontal,Horizontal,Horizontal,Horizontal,Horizontal,Horizontal,Horizontal,Horizontal,Horizontal,Horizontal,0,-0.290789314,-0.787720199,-1.007403452
354,0,0,0,0,0,0,0,0,0,0,0,0,0,0,0,0,0,0,0,0,1,1,0,0,0,0,1,0,1,0,A,A,A,A,A,B,B,C,A,A,Horizontal,Horizontal,Horizontal,Horizontal,Horizontal,Horizontal,Horizontal,Horizontal,Horizontal,Horizontal,0,2.852309166,-0.686407595,-0.679718837
355,0,0,0,0,0,0,0,0,0,0,0,0,0,0,0,0,0,0,0,0,0,0,0,0,0,1,0,0,1,0,A,A,B,A,B,A,B,A,A,C,Horizontal,Horizontal,Horizontal,Horizontal,Horizontal,Horizontal,Horizontal,Horizontal,Horizontal,Horizontal,0,1.196984989,-0.298284186,-0.985693376
356,0,0,0,0,0,0,0,0,0,0,0,0,0,0,0,0,0,0,0,0,1,0,0,1,0,0,0,0,0,0,A,A,A,A,A,B,A,A,A,A,Horizontal,Horizontal,Horizontal,Horizontal,Horizontal,Horizontal,Horizontal,Horizontal,Horizontal,Horizontal,0,1.946305979,-0.686407595,-1.081010248
357,0,0,0,0,0,0,0,0,0,0,0,0,0,0,0,0,0,0,0,0,0,0,0,0,0,0,1,0,0,1,A,A,A,C,A,B,A,A,A,A,Horizontal,Horizontal,Horizontal,Vertical,Horizontal,Horizontal,Horizontal,Horizontal,Horizontal,Horizontal,0,2.885672148,-0.172644761,-1.147105794
358,0,0,0,0,0,1,0,0,0,0,0,0,0,0,0,0,0,0,0,0,1,0,0,1,0,0,0,0,0,0,A,C,C,B,B,C,C,B,A,C,Horizontal,Horizontal,Horizontal,Horizontal,Horizontal,Horizontal,Horizontal,Horizontal,Horizontal,Horizontal,0,1.132565013,-0.686407595,-0.977903637
359,0,0,0,0,0,0,0,0,0,0,0,0,0,0,0,0,0,0,0,0,0,0,0,0,1,1,0,0,0,1,C,A,C,A,A,A,B,A,A,B,Horizontal,Horizontal,Horizontal,Horizontal,Horizontal,Horizontal,Horizontal,Horizontal,Horizontal,Horizontal,0,0.107309329,-0.568654264,-1.048016774
360,0,0,0,0,0,0,0,0,1,0,0,0,0,0,0,0,0,0,0,0,0,0,1,1,0,0,0,0,1,1,A,C,B,C,A,B,A,A,A,B,Horizontal,Horizontal,Horizontal,Horizontal,Horizontal,Horizontal,Horizontal,Horizontal,Horizontal,Horizontal,0,-0.118064033,-0.483782591,-1.092206575
361,0,0,0,0,0,NA,NA,NA,NA,NA,0,0,0,1,0,NA,NA,NA,NA,NA,1,0,0,0,0,NA,NA,NA,NA,NA,A,A,A,A,A,NA,NA,NA,NA,NA,Horizontal,Horizontal,Horizontal,Horizontal,Horizontal,NA,NA,NA,NA,NA,NA,-1.236597594,-0.787720199,-0.788392624
362,0,0,0,0,0,NA,NA,NA,NA,NA,0,0,0,0,0,NA,NA,NA,NA,NA,0,0,0,0,1,NA,NA,NA,NA,NA,A,A,A,A,A,NA,NA,NA,NA,NA,Horizontal,Horizontal,Horizontal,Horizontal,Horizontal,NA,NA,NA,NA,NA,0,-1.298581971,-0.889032744,0.0732806
363,0,0,0,0,0,NA,NA,NA,NA,NA,0,0,0,0,0,NA,NA,NA,NA,NA,0,0,0,0,0,NA,NA,NA,NA,NA,A,A,A,A,A,NA,NA,NA,NA,NA,Horizontal,Horizontal,Horizontal,Horizontal,Horizontal,NA,NA,NA,NA,NA,NA,-1.028712137,-0.787720199,-0.926331751
364,0,0,1,0,0,NA,NA,NA,NA,NA,0,0,1,0,1,NA,NA,NA,NA,NA,1,0,0,0,0,NA,NA,NA,NA,NA,A,A,B,A,C,NA,NA,NA,NA,NA,Horizontal,Horizontal,Horizontal,Horizontal,Horizontal,NA,NA,NA,NA,NA,0,-0.525758083,-0.889032744,-0.688142067
365,0,0,0,0,0,NA,NA,NA,NA,NA,1,0,0,0,0,NA,NA,NA,NA,NA,0,0,0,0,0,NA,NA,NA,NA,NA,A,A,A,A,A,NA,NA,NA,NA,NA,Horizontal,Horizontal,Horizontal,Horizontal,Horizontal,NA,NA,NA,NA,NA,0,-1.298581971,-0.889032744,0.047834028
366,0,0,0,0,0,NA,NA,NA,NA,NA,0,0,0,0,1,NA,NA,NA,NA,NA,0,0,0,0,0,NA,NA,NA,NA,NA,A,A,B,A,A,NA,NA,NA,NA,NA,Horizontal,Horizontal,Horizontal,Horizontal,Horizontal,NA,NA,NA,NA,NA,0,-1.273264727,-0.889032744,-0.176783602
367,0,0,0,0,0,NA,NA,NA,NA,NA,1,0,0,0,1,NA,NA,NA,NA,NA,0,0,0,0,0,NA,NA,NA,NA,NA,C,A,A,A,A,NA,NA,NA,NA,NA,Horizontal,Horizontal,Horizontal,Horizontal,Horizontal,NA,NA,NA,NA,NA,0,-0.730248059,-0.787720199,-0.667228654
368,0,0,0,0,0,NA,NA,NA,NA,NA,0,1,0,0,0,NA,NA,NA,NA,NA,0,0,0,0,0,NA,NA,NA,NA,NA,A,A,A,A,A,NA,NA,NA,NA,NA,Horizontal,Horizontal,Horizontal,Horizontal,Horizontal,NA,NA,NA,NA,NA,NA,-1.142551812,-0.745755162,-0.799055009
369,0,0,0,0,1,NA,NA,NA,NA,NA,1,0,0,0,1,NA,NA,NA,NA,NA,0,0,0,0,0,NA,NA,NA,NA,NA,A,B,A,A,A,NA,NA,NA,NA,NA,Horizontal,Horizontal,Horizontal,Horizontal,Horizontal,NA,NA,NA,NA,NA,NA,-0.838878246,-0.889032744,0.58892541
370,1,1,1,0,1,NA,NA,NA,NA,NA,0,0,1,0,0,NA,NA,NA,NA,NA,1,0,0,1,0,NA,NA,NA,NA,NA,A,A,A,A,A,NA,NA,NA,NA,NA,Horizontal,Horizontal,Horizontal,Horizontal,Horizontal,NA,NA,NA,NA,NA,0,0.659587661,-0.889032744,2.963541224
371,0,0,0,0,0,NA,NA,NA,NA,NA,0,0,0,0,0,NA,NA,NA,NA,NA,1,0,0,0,0,NA,NA,NA,NA,NA,A,A,A,A,A,NA,NA,NA,NA,NA,Horizontal,Horizontal,Horizontal,Horizontal,Horizontal,NA,NA,NA,NA,NA,NA,-1.142551812,-0.745755162,-0.799055009
372,0,0,0,0,0,NA,NA,NA,NA,NA,0,0,0,0,0,NA,NA,NA,NA,NA,0,0,0,0,0,NA,NA,NA,NA,NA,A,A,A,A,A,NA,NA,NA,NA,NA,Horizontal,Horizontal,Horizontal,Horizontal,Horizontal,NA,NA,NA,NA,NA,0,-1.298581971,-0.889032744,0.0732806
373,0,0,0,0,0,NA,NA,NA,NA,NA,1,0,0,0,0,NA,NA,NA,NA,NA,0,0,0,0,0,NA,NA,NA,NA,NA,A,A,A,A,A,NA,NA,NA,NA,NA,Horizontal,Horizontal,Horizontal,Horizontal,Horizontal,NA,NA,NA,NA,NA,0,-1.298581971,-0.889032744,0.047834028
374,0,0,0,0,0,NA,NA,NA,NA,NA,0,1,0,0,0,NA,NA,NA,NA,NA,1,1,1,0,1,NA,NA,NA,NA,NA,A,A,A,A,A,NA,NA,NA,NA,NA,Horizontal,Horizontal,Horizontal,Horizontal,Horizontal,NA,NA,NA,NA,NA,0,-1.164144034,-0.787720199,-0.773168284
375,0,0,0,0,0,NA,NA,NA,NA,NA,0,0,0,0,0,NA,NA,NA,NA,NA,0,0,0,0,0,NA,NA,NA,NA,NA,C,B,A,C,A,NA,NA,NA,NA,NA,Horizontal,Horizontal,Horizontal,Horizontal,Horizontal,NA,NA,NA,NA,NA,0,-1.273264727,-0.889032744,-0.176783602
376,0,0,0,0,0,NA,NA,NA,NA,NA,0,0,0,0,0,NA,NA,NA,NA,NA,0,0,0,0,0,NA,NA,NA,NA,NA,A,A,A,A,A,NA,NA,NA,NA,NA,Horizontal,Horizontal,Horizontal,Horizontal,Horizontal,NA,NA,NA,NA,NA,NA,-0.838878246,-0.889032744,0.58892541
377,0,0,0,0,0,NA,NA,NA,NA,NA,0,0,0,0,0,NA,NA,NA,NA,NA,0,0,0,0,0,NA,NA,NA,NA,NA,A,A,A,A,A,NA,NA,NA,NA,NA,Horizontal,Horizontal,Horizontal,Horizontal,Horizontal,NA,NA,NA,NA,NA,NA,-1.028712137,-0.787720199,-0.926331751
378,0,1,0,0,0,NA,NA,NA,NA,NA,0,0,0,0,0,NA,NA,NA,NA,NA,0,0,0,0,0,NA,NA,NA,NA,NA,A,A,A,B,A,NA,NA,NA,NA,NA,Horizontal,Horizontal,Horizontal,Horizontal,Horizontal,NA,NA,NA,NA,NA,0,0.659587661,-0.889032744,2.963541224
379,0,0,0,0,0,NA,NA,NA,NA,NA,0,0,0,0,0,NA,NA,NA,NA,NA,0,0,0,0,0,NA,NA,NA,NA,NA,A,A,A,A,A,NA,NA,NA,NA,NA,Horizontal,Horizontal,Horizontal,Horizontal,Horizontal,NA,NA,NA,NA,NA,NA,-1.236597594,-0.787720199,-0.788392624
380,0,0,0,0,0,NA,NA,NA,NA,NA,0,0,0,0,0,NA,NA,NA,NA,NA,0,0,0,0,0,NA,NA,NA,NA,NA,A,A,A,A,A,NA,NA,NA,NA,NA,Horizontal,Horizontal,Horizontal,Horizontal,Horizontal,NA,NA,NA,NA,NA,NA,-1.028712137,-0.787720199,-0.926331751
381,0,0,0,0,0,NA,NA,NA,NA,NA,0,0,0,0,0,NA,NA,NA,NA,NA,0,0,0,0,0,NA,NA,NA,NA,NA,A,A,A,A,B,NA,NA,NA,NA,NA,Horizontal,Horizontal,Horizontal,Horizontal,Horizontal,NA,NA,NA,NA,NA,0,-0.525758083,-0.889032744,-0.688142067
